No,Area-ID,Material,Laser,commproc,commmeas,λ [nm],Pproc/Pout,PL,Pav_out [W],fB [MHz],fP [MHz],nP,tP [ps],Polarization,Compressor mode,Compr. Pos. [um],Scanner,f [mm],w0 [um],zr [um],Filling method,lproc [mm],bproc [mm],v [m/s],z-z0 [um],Ldprim [um],Ldsec [um],nobject,s [um],Offset [um],Measurement,Measure-ID,lmeas [mm],bmeas [mm],ASub_meas [mm²],AAdd_meas [mm²],sav [mm],sσ [mm],hav [mm],hσ [mm],ttop_av [mm],ttop_σ [mm],tmid_av [mm],tmid_σ [mm],tbottom_av [mm],tbottom_σ [mm],αav [°],ασ [°],β1_av [°],β1_σ [°],β2_av [°],β2_σ [°],(ref-max)av [mm],(ref-max)σ [mm],Pav_proc [W],w [um],tia [ns],Eia [uJ],Hia [J/cm²],DCB,tB [ns],EB [uJ],HB [J/cm²],Bd [um],EP [uJ],HP [J/cm²],Pd [um],I0 [W/cm²],nscan,ηfill,Hav [kJ/cm²],Vmeas [mm³],DPO [um],SDR [nm∙cm²/J],SRR [um³/uJ],SRR [mm³/min/W],RV [mm³/min],RA [cm²/min],h/s,t/s,Dbottom [um]
1,SYN-2026-01-G01,Synthetic Titanium Grade 2,SYN-Laser-C,Synthetic parameter sweep; no real experiment.,Generated analysis values; not laboratory data.,1064,0.8612,0.8418,67.3463,0.434365,3.474922,8,15.6895,linear-y,fixed,741.856,SYN-Scanner-Z,100.0,27.58599,2246.90827,cross-hatch,9.42386,11.37064,2.37746,191.61369,32.62933,34.11225,6,62.91528,-7.97448,SYN-Confocal-B,SYN-MEAS-0001,3.69346,0.56749,0.83003205,0.14055577,0.0608324,0.0012374,0.0437994,0.0041531,0.014945,0.0004097,0.0174029,0.0004507,0.0220607,0.0017653,54.8928,1.73639,59.82963,2.98683,64.14276,1.02484,0.0395017,0.0010738,57.99839,27.68612,23290.49705,1350.81137,56.09456,0.8750068,2014.44948,133.52448,5.54481,5.473413,16.69056,0.6931,0.684177,44176160839.48,6,1.0,0.00415861,0.027724898,0.04312263,10.36948,0.05767806,0.003460684,0.20071408,7.7574926,0.72,0.2860792,4.297621
2,SYN-2026-01-G02,Synthetic Copper C110,SYN-Laser-B,Artificial record created for public demonstration.,Synthetic measurement result.,515,0.8144,0.8123,20.3065,0.057381,0.286905,5,0.4298,linear-y,fixed,-341.935,SYN-Scanner-Z,100.0,24.74833,3736.23832,bidirectional,6.33161,4.44343,3.621821,1418.80213,24.12215,68.7633,2,43.64842,2.82378,SYN-Confocal-B,SYN-MEAS-0002,3.88445,2.97478,3.54384546,0.14308099,0.0432118,0.0009736,0.0181519,0.0006376,0.0097883,0.0007811,0.0137621,0.0005655,0.0196038,0.0015021,66.9691,0.96165,49.13831,1.87198,46.18007,1.56789,0.0151087,0.0003062,16.53806,26.47266,14618.42352,241.7603,10.98095,0.8,13941.89742,288.21483,13.09096,63.118818,57.64297,2.61819,12.623764,6091602397426.14,2,1.0,0.00523638,0.044644037,0.79341612,151.519878,4.19140515,0.251484309,4.15906144,26.2098371,0.4200687,0.3184803,3.04319
3,SYN-2026-01-G03,Synthetic Nickel Alloy 625,SYN-Laser-B,Generated example for database and UI testing.,Generated analysis values; not laboratory data.,515,0.9247,0.7125,17.8124,0.255678,1.27839,5,2.45573,elliptical,fixed,313.509,SYN-Scanner-X,100.0,11.75618,843.09282,cross-hatch,12.533,11.64549,1.490657,-82.14595,23.45859,36.65254,7,38.60068,1.14258,SYN-Microscope-C,SYN-MEAS-0003,3.55216,2.90811,3.36000401,0.61756311,0.0390805,0.0011649,0.0228851,0.0017893,0.0083299,0.0004675,0.0114557,0.0009341,0.0149396,0.0007712,39.63515,0.6084,58.14391,2.82304,55.15322,1.49759,0.0202876,0.0012506,16.47035,11.81186,15847.85389,261.0197,59.55074,0.8000006,3128.93777,64.41832,14.69682,5.830211,12.88366,2.93936,1.166042,1196940052060.77,7,1.0,0.02057555,0.059555237,0.05829201,2.833072,0.12376153,0.007425692,0.12230374,2.9973172,0.5855874,0.2931302,2.597471
4,SYN-2026-01-G04,Synthetic Titanium Grade 2,SYN-Laser-B,Artificial record created for public demonstration.,Generated analysis values; not laboratory data.,515,0.903,0.4707,11.7679,0.33276,2.662082,8,2.49885,linear-y,manual,-22.366,SYN-Scanner-Y,160.0,24.49132,3659.03791,unidirectional,11.35759,11.4128,1.506969,1559.28761,49.07199,54.86434,7,62.50729,-4.91352,SYN-Microscope-C,SYN-MEAS-0004,2.55803,1.10166,0.65640378,0.11049621,0.0611951,0.0008761,0.0200464,0.0015569,0.0155886,0.0009947,0.0219384,0.0010996,0.026423,0.0011303,35.46423,1.84977,61.17228,1.83233,55.98189,1.98648,0.0171394,0.0009336,10.62623,26.62242,35332.41908,375.4504,16.86194,0.8750008,2629.52341,31.93359,1.43418,4.528692,3.9917,0.17927,0.566087,71741709943.72,7,1.0,0.0012549,0.006573402,0.00724459,5.773023,0.0504165,0.00302499,0.03214424,6.3385668,0.327581,0.3584995,2.907015
5,SYN-2026-01-G05,Synthetic Copper C110,SYN-Laser-C,Synthetic scan sequence with controlled variation.,Synthetic quality check completed.,1064,0.8206,0.5277,42.2123,2.526272,2.526272,1,12.26277,linear-y,automatic,-340.855,SYN-Scanner-Y,254.0,48.72805,7010.7806,cross-hatch,16.09527,11.26882,3.500301,-3016.43331,73.25057,145.30478,6,133.22366,9.47174,SYN-Confocal-B,SYN-MEAS-0005,2.37793,2.53743,1.15656612,0.0487314,0.128618,0.0044599,0.0288323,0.0019208,0.0300809,0.0010888,0.034424,0.0016987,0.0418355,0.0014474,60.0886,0.74623,76.26773,2.38164,72.69203,2.03614,0.0225085,0.0011984,34.64132,53.04694,30309.9264,1049.976,11.87706,3.1e-05,0.01226,13.71243,0.15511,1.38556,13.71243,0.15511,1.38556,12648971579.82,6,1.0,0.00093067,0.01971077,0.01811239,19.461699,0.13405955,0.008043573,0.27864001,25.6399076,0.22417,0.2676451,6.323849
6,SYN-2026-01-G06,Synthetic Titanium Grade 2,SYN-Laser-C,Artificial record created for public demonstration.,Synthetic quality check completed.,1064,0.704,0.9433,75.4642,1.314897,2.629794,2,16.17058,linear-x,automatic,41.663,SYN-Scanner-Y,160.0,26.28354,2039.74512,cross-hatch,15.70646,7.54141,1.199252,-666.88606,18.27107,54.16252,4,39.81086,3.03663,SYN-Confocal-B,SYN-MEAS-0006,2.3055,2.01892,2.60906026,0.11087676,0.0385992,0.0010097,0.0277914,0.0011099,0.0110752,0.0007901,0.0130791,0.0006905,0.0166983,0.0014213,66.85615,1.89666,53.17365,2.52563,54.44313,3.1127,0.020135,0.001551,53.12532,27.65265,46116.51259,2449.95429,101.9846,0.5000213,380.27405,40.40264,1.68185,0.91205,20.20132,0.84092,0.456025,52003277380.6,4,1.0,0.00336369,0.038076402,0.08036465,23.891791,0.0331465,0.00198879,0.1056551,3.2867405,0.72,0.3388435,7.656366
7,SYN-2026-01-G07,Synthetic Stainless Steel 316L,SYN-Laser-C,Synthetic parameter sweep; no real experiment.,Synthetic measurement result.,1064,0.8689,0.3031,24.2456,0.450111,2.250554,5,12.24011,circular,fixed,-268.245,SYN-Scanner-Z,100.0,15.38537,698.91419,cross-hatch,8.18332,11.99104,2.680723,-311.41499,12.91988,23.41208,3,26.02634,0.23617,SYN-Microscope-C,SYN-MEAS-0007,2.26399,0.58422,0.76547987,0.14852567,0.0258834,0.0004094,0.0168347,0.0005696,0.0073551,0.0006311,0.0096939,0.000796,0.0134504,0.0008114,48.61683,1.43688,73.44679,1.11067,70.44323,2.5037,0.0156067,0.000569,21.0671,16.84351,12566.39459,264.73748,29.70299,0.8000055,1777.35273,46.80426,5.25134,5.955698,9.36085,1.05027,1.19114,85805410180.25,3,1.0,0.0031508,0.006711157,0.02279764,7.235498,0.03747966,0.00224878,0.04737526,6.9269258,0.6504054,0.3745211,1.227977
8,SYN-2026-01-G08,Synthetic Stainless Steel 316L,SYN-Laser-C,Synthetic scan sequence with controlled variation.,Synthetic measurement result.,1064,0.6961,0.4849,38.7905,0.439543,1.31863,3,16.14295,linear-x,manual,697.917,SYN-Scanner-Z,100.0,22.69412,1520.66999,bidirectional,9.75979,6.10902,1.845619,-220.82645,13.70351,64.63926,1,53.29144,0.10041,SYN-Microscope-C,SYN-MEAS-0008,1.99094,2.95373,1.38399005,0.30013038,0.0542462,0.0009896,0.0222006,0.0010955,0.007402,0.0006478,0.0122365,0.0010674,0.0147895,0.0007606,70.358,0.80295,56.48737,3.04526,51.37511,1.33104,0.0190463,0.000988,27.00394,22.93216,24850.3648,671.05771,40.61815,0.6666738,1516.74136,61.43633,3.71865,4.198946,20.47878,1.23955,1.399649,76785864312.1,1,1.0,0.00123955,0.01823233,0.30579485,246.698137,0.28640274,0.017184164,0.46404011,15.1748828,0.4092573,0.2255734,3.15437
9,SYN-2026-01-G09,Synthetic Copper C110,SYN-Laser-C,Synthetic scan sequence with controlled variation.,Synthetic measurement result.,1064,0.8765,0.2767,22.1337,1.728888,3.457776,2,11.65774,linear-y,fixed,166.266,SYN-Scanner-Z,100.0,21.98285,1426.84275,bidirectional,11.16188,3.85555,1.7338,-760.88802,21.71842,70.819,8,54.88054,5.86243,SYN-Confocal-B,SYN-MEAS-0009,0.78829,1.121,0.34716785,0.01539947,0.0547273,0.0015551,0.0259213,0.0021063,0.0155054,0.0012281,0.0221362,0.0007014,0.0242099,0.001494,46.78585,3.05926,67.49646,3.20886,66.99638,0.83286,0.0248746,0.0012785,19.39937,24.91321,28738.26421,557.50414,28.59163,0.5000202,289.21492,11.22072,0.57546,1.002841,5.61036,0.28773,0.501421,24681257184.69,8,1.0,0.00230182,0.004723183,0.01371897,5.960048,0.02662939,0.001597763,0.03099559,2.8241554,0.4736445,0.4044823,1.046651
10,SYN-2026-01-G10,Synthetic Stainless Steel 316L,SYN-Laser-A,Generated example for database and UI testing.,Generated analysis values; not laboratory data.,1030,0.7808,0.7085,35.4254,0.240175,1.200874,5,5.26182,circular,fixed,65.344,SYN-Scanner-X,160.0,20.12865,1235.78186,bidirectional,14.82493,2.46919,0.155117,-359.4614,25.10111,62.99295,1,45.70883,-0.89961,SYN-Profilometer-A,SYN-MEAS-0010,2.43464,1.48303,0.88863749,0.12014108,0.0458739,0.0006771,0.0182702,0.0008356,0.0167481,0.0011894,0.0191652,0.0016394,0.026581,0.0006893,31.82561,0.94552,76.83621,1.67518,81.22531,0.94057,0.0137219,0.0007909,27.65904,20.9629,270285.15227,7475.82687,541.51021,0.8000013,3330.91163,115.16208,8.34174,0.64585,23.03242,1.66835,0.12917,317066693855.21,1,1.0,0.00166835,0.011836524,0.3233536,193.816527,0.045519,0.00273114,0.0755407,2.336164,0.3982704,0.417781,4.548276
11,SYN-2026-01-G11,Synthetic Silicon,SYN-Laser-B,Artificial record created for public demonstration.,Generated analysis values; not laboratory data.,515,0.6648,0.2954,7.3857,0.170483,0.852415,5,2.94496,circular,manual,-282.149,SYN-Scanner-Z,100.0,33.6173,6893.95207,unidirectional,8.93447,4.10969,2.820943,-160.26663,55.44792,101.43274,8,55.90838,6.01915,SYN-Microscope-C,SYN-MEAS-0011,0.95127,2.17326,0.43750187,0.0504909,0.0568206,0.0004619,0.013069,0.0007226,0.0103194,0.0002962,0.012961,0.0009509,0.0172023,0.0010628,36.14276,2.82768,43.59159,2.03938,48.23901,2.29179,0.0097977,0.0005846,4.90991,33.62638,23840.52373,117.05486,3.29518,0.8000005,4692.55022,28.79999,0.81074,16.546761,5.76,0.16215,3.309352,55059575647.81,8,1.0,0.00129719,0.004620334,0.01572917,12.12561,0.50108532,0.030065119,0.14761707,11.7311567,0.2300038,0.2281039,3.271224
12,SYN-2026-01-G12,Synthetic Aluminum 6082,SYN-Laser-C,Synthetic parameter sweep; no real experiment.,Synthetic quality check completed.,1064,0.6993,0.4879,39.0296,0.119483,0.955865,8,13.09532,elliptical,fixed,-640.405,SYN-Scanner-Y,254.0,36.86263,4012.18371,unidirectional,12.08217,9.94873,2.34383,1584.51294,21.26111,37.51363,5,38.92129,-4.79919,SYN-Profilometer-A,SYN-MEAS-0012,2.22005,2.43592,2.07853393,0.40267343,0.0374576,0.0005605,0.0250699,0.0020214,0.0112569,0.000579,0.014333,0.0009341,0.019491,0.0010295,37.21321,1.83947,61.42671,1.61208,58.99287,3.38205,0.0204581,0.0006807,27.2938,39.63317,33819.15495,923.05316,18.70506,0.8750016,7323.22489,228.4323,4.62903,19.616413,28.55404,0.57863,2.452052,44185904321.34,5,1.0,0.00289314,0.030507915,0.050761,17.545273,0.09267833,0.0055607,0.15177261,5.9798906,0.6692878,0.3826448,4.61185
13,SYN-2026-01-G13,Synthetic Titanium Grade 2,SYN-Laser-C,Generated example for database and UI testing.,Synthetic measurement result.,1064,0.7692,0.3964,31.7117,0.799585,3.198341,4,6.29906,linear-y,automatic,-317.711,SYN-Scanner-Z,254.0,34.13853,3441.10372,unidirectional,11.72895,8.06666,1.066945,1277.87356,78.80019,105.98659,7,92.53993,-5.12911,SYN-Microscope-C,SYN-MEAS-0013,3.76975,2.66134,2.02158711,0.20570742,0.0906082,0.001722,0.023423,0.001702,0.021198,0.001524,0.0253436,0.0011073,0.0311187,0.0009556,66.35906,0.71564,39.79444,1.81115,42.60149,1.56763,0.0200552,0.0004065,24.39332,36.41646,68263.05654,1665.16234,39.96788,0.750005,937.99246,30.50746,0.73225,1.334373,7.62686,0.18306,0.333593,29061953070.77,7,0.924274,0.0011844,0.021535854,0.03251704,25.375371,0.11207519,0.006724511,0.16403314,7.2064687,0.2585084,0.2797049,3.367762
14,SYN-2026-01-G14,Synthetic Aluminum 6082,SYN-Laser-A,Artificial record created for public demonstration.,Artificial profile used for visualization testing.,1030,0.9123,0.7767,38.8334,0.113362,0.680174,6,7.41037,circular,automatic,-573.579,SYN-Scanner-Z,254.0,44.94361,6160.96191,cross-hatch,7.45497,1.68028,1.359221,-1814.45167,97.06657,134.09085,7,132.30442,-9.65842,SYN-Confocal-B,SYN-MEAS-0014,3.95498,0.8646,0.46153011,0.10542884,0.1300034,0.0010996,0.0292299,0.0007424,0.0293157,0.0015673,0.043697,0.0033272,0.058871,0.0022217,60.56155,1.98325,46.50762,2.59237,50.45071,2.35715,0.023872,0.0005843,35.42606,46.85217,68939.7371,2442.26301,35.41466,0.8333342,7351.06906,312.50295,4.53153,11.990062,52.08382,0.75525,1.998344,101918602789.31,7,0.965362,0.00510366,0.010343638,0.11796322,22.312852,0.43932266,0.026359359,0.93380815,11.3087079,0.2248397,0.3361218,5.357968
15,SYN-2026-01-G15,Synthetic Stainless Steel 316L,SYN-Laser-C,Synthetic scan sequence with controlled variation.,Synthetic quality check completed.,1064,0.7435,0.3284,26.2752,0.247274,1.23637,5,7.39045,linear-y,automatic,-392.995,SYN-Scanner-Y,160.0,28.54268,2405.45698,cross-hatch,15.79784,2.87061,2.620961,565.70748,53.1031,92.81506,4,60.64334,-1.96456,SYN-Profilometer-A,SYN-MEAS-0015,2.15467,0.78892,0.37475355,0.07820548,0.0595322,0.0009723,0.0170691,0.0005945,0.0115223,0.0009074,0.0205648,0.0015378,0.0272658,0.0013767,39.34028,2.29053,62.04377,2.01795,63.79273,1.69371,0.0144824,0.0005202,19.53435,29.32137,22374.5223,437.07173,16.18208,0.8000018,3235.28504,78.9988,2.92484,10.59942,15.79976,0.58497,2.119884,79151816604.77,4,1.0,0.00233987,0.003783378,0.02085684,8.913667,0.14860379,0.008916228,0.1741727,20.8771725,0.2867211,0.3454405,2.586742
16,SYN-2026-01-G16,Synthetic Stainless Steel 316L,SYN-Laser-A,Synthetic parameter sweep; no real experiment.,Synthetic measurement result.,1030,0.73,0.3638,18.1924,0.977693,2.93308,3,4.54812,linear-x,automatic,-209.946,SYN-Scanner-X,100.0,14.98612,685.00047,unidirectional,2.88722,11.43837,0.315943,371.69184,30.56718,33.22598,8,40.48322,-6.89228,SYN-Microscope-C,SYN-MEAS-0016,1.98252,1.76014,1.25655972,0.06684154,0.0392949,0.0010635,0.0228975,0.001802,0.0154599,0.0011727,0.0181203,0.0007162,0.0245799,0.0014366,28.82431,2.49825,76.40211,0.5169,73.80615,2.8586,0.0180285,0.0009306,13.27988,17.05017,107931.81338,1433.32152,156.94101,0.6666711,681.88151,13.58287,1.48725,0.323152,4.52762,0.49575,0.107717,109001154901.43,8,1.0,0.003966,0.017746491,0.06717037,16.936543,0.04884816,0.00293089,0.03892186,0.7243123,0.5827101,0.4611358,4.869058
17,SYN-2026-01-G17,Synthetic Nickel Alloy 625,SYN-Laser-A,Artificial record created for public demonstration.,Artificial profile used for visualization testing.,1030,0.7791,0.3461,17.3027,0.342405,1.369621,4,2.73008,elliptical,manual,-616.957,SYN-Scanner-Y,254.0,39.47805,4753.61501,cross-hatch,14.93974,2.38816,2.999339,-1686.18646,33.75014,82.69553,4,35.6674,-3.64244,SYN-Confocal-B,SYN-MEAS-0017,2.87932,2.30806,2.41373774,0.11457167,0.0351454,0.0007015,0.0137611,0.0004437,0.0097392,0.0003161,0.0126432,0.0009933,0.0166697,0.0006379,56.20021,1.37361,39.9955,2.95409,36.78875,2.53851,0.0103565,0.0005003,13.48003,41.88812,27931.5742,376.51858,6.83053,0.7500009,2190.3899,39.36866,0.7142,8.759617,9.84216,0.17855,2.189904,65400807915.68,4,1.0,0.0007142,0.024304261,0.17030031,238.449557,1.27886743,0.076732046,1.03435061,15.184215,0.3915483,0.3597387,3.404653
18,SYN-2026-01-G18,Synthetic Titanium Grade 2,SYN-Laser-B,Artificial record created for public demonstration.,Synthetic quality check completed.,515,0.7544,0.5985,14.9632,0.320766,1.924596,6,1.30811,linear-x,automatic,-533.239,SYN-Scanner-Z,254.0,43.83317,11720.56376,unidirectional,4.42959,9.25397,3.164914,3700.52596,82.45819,124.65261,3,108.32283,17.72813,SYN-Confocal-B,SYN-MEAS-0018,3.82426,2.73627,1.52639959,0.08804281,0.1092031,0.0018937,0.0170529,0.0012874,0.0229275,0.0013545,0.0261705,0.0013765,0.0340103,0.0019336,61.59646,1.53581,61.24877,3.16146,62.55356,0.73205,0.0150871,0.0006397,11.2876,45.96604,29047.2572,327.87375,4.9395,0.8333338,2597.94858,35.1895,0.53014,9.866736,5.86492,0.08836,1.644456,67545046607.51,3,1.0,0.00026507,0.012460324,0.10132503,382.258966,2.34266925,0.140560155,1.58658645,52.1946211,0.1561581,0.2396502,1.965808
19,SYN-2026-01-G19,Synthetic Titanium Grade 2,SYN-Laser-C,Artificial record created for public demonstration.,Artificial profile used for visualization testing.,1064,0.7371,0.4758,38.0644,0.485262,3.396835,7,12.96561,linear-x,fixed,-429.502,SYN-Scanner-X,100.0,11.20023,370.39226,bidirectional,5.08247,8.58604,0.833847,-125.34099,22.01044,29.8192,8,38.63299,5.53468,SYN-Confocal-B,SYN-MEAS-0019,2.7938,1.36309,2.07595745,0.17515672,0.0397008,0.0007914,0.0249091,0.0013878,0.0060499,0.0001617,0.0087424,0.0002317,0.01191,0.0006033,38.64285,1.82323,73.36262,1.096,76.03572,3.41984,0.0179577,0.0012795,28.059,11.82415,28360.47951,795.76684,181.17421,0.8571491,1766.36332,57.82237,13.16456,1.718343,8.26034,1.88065,0.245478,145049291874.72,8,1.0,0.01504521,0.026918262,0.07710625,5.124968,0.05043503,0.003026102,0.0849094,1.3765,0.6274202,0.2202063,6.951369
20,SYN-2026-01-G20,Synthetic Copper C110,SYN-Laser-A,Synthetic parameter sweep; no real experiment.,Generated analysis values; not laboratory data.,1030,0.7352,0.7459,37.2939,0.709657,2.838629,4,0.95705,circular,manual,345.851,SYN-Scanner-Y,254.0,40.57748,5022.07083,bidirectional,4.24021,5.85951,2.630858,-1478.91921,50.90659,68.96136,6,64.8386,-5.57874,SYN-Profilometer-A,SYN-MEAS-0020,1.68701,2.99809,1.68065062,0.13085983,0.0631201,0.002001,0.0270505,0.0017234,0.0148441,0.0009588,0.021985,0.0018417,0.0255027,0.0022229,31.64242,1.91153,65.7433,3.49045,62.74268,3.33787,0.0243715,0.0016613,27.41822,42.30036,32157.08666,881.68998,15.68476,0.7500007,1056.84906,38.63585,0.68731,3.707223,9.65896,0.17183,0.926806,179538424895.54,6,1.0,0.00103096,0.028610025,0.19191909,186.154884,0.93745486,0.056247291,1.54220044,13.3928003,0.4285562,0.3483047,2.679016
21,SYN-2026-02-G01,Synthetic Stainless Steel 316L,SYN-Laser-C,Artificial record created for public demonstration.,Generated analysis values; not laboratory data.,1064,0.8106,0.3261,26.0854,0.566724,2.266897,4,6.46141,circular,automatic,28.819,SYN-Scanner-X,160.0,20.52011,1243.27608,unidirectional,11.76763,2.48295,3.463358,-362.37885,42.99016,57.70432,6,54.15363,-2.79247,SYN-Profilometer-A,SYN-MEAS-0021,2.05897,1.59569,0.83395838,0.08687384,0.0521227,0.0015358,0.0201482,0.001785,0.0125809,0.0003507,0.0202995,0.0018032,0.0292059,0.0024316,70.0658,0.74336,47.20027,3.27235,50.5186,0.62498,0.0170734,0.0005172,21.14383,21.37399,12342.92751,260.97678,18.18364,0.7500037,1323.40156,37.30886,2.59951,6.111188,9.32721,0.64988,1.527797,100578166087.2,6,0.994367,0.00387729,0.00832974,0.04751416,12.185432,0.33458449,0.020075069,0.42446389,14.8890309,0.3865527,0.3894563,3.07481
22,SYN-2026-02-G02,Synthetic Nickel Alloy 625,SYN-Laser-A,Synthetic parameter sweep; no real experiment.,Generated analysis values; not laboratory data.,1030,0.8409,0.8912,44.559,0.894625,1.78925,2,1.55679,linear-x,automatic,-801.306,SYN-Scanner-X,100.0,23.04657,1620.03851,cross-hatch,10.07599,1.7686,0.410791,196.62365,43.99094,65.15745,4,80.63274,12.05219,SYN-Profilometer-A,SYN-MEAS-0022,3.20034,1.45779,1.50295648,0.21735821,0.0837709,0.0020263,0.0295029,0.0011525,0.0286146,0.0016348,0.0385615,0.0014895,0.0434475,0.002431,59.12085,2.79596,62.7846,3.36038,62.38331,1.64016,0.0243535,0.0010368,37.47034,23.2157,113029.2468,4235.24478,250.12966,0.5000014,558.89496,41.88386,2.47362,0.459177,20.94193,1.23681,0.229588,794462361824.13,4,1.0,0.00494724,0.027440186,0.38495493,77.811996,0.18565487,0.011139292,0.41739312,2.7106622,0.3521852,0.4603204,5.149406
23,SYN-2026-02-G03,Synthetic Stainless Steel 316L,SYN-Laser-B,Artificial record created for public demonstration.,Artificial profile used for visualization testing.,515,0.7761,0.3089,7.7233,0.468761,3.281329,7,3.8171,circular,automatic,-661.883,SYN-Scanner-X,160.0,22.19384,3004.74364,unidirectional,14.89523,11.99318,2.813661,-699.17396,45.91637,46.37108,1,108.34953,-2.64633,SYN-Confocal-B,SYN-MEAS-0023,3.14486,2.38404,0.4203675,0.04396388,0.1089892,0.0029838,0.0074543,0.000529,0.0208085,0.0006004,0.0282768,0.0021086,0.029729,0.0011879,70.92259,1.38096,37.31502,0.7072,39.29577,1.59915,0.0065077,0.000448,5.99383,22.78676,16197.22901,97.08344,5.95155,0.8571446,1828.53124,12.78653,0.78386,6.002332,1.82665,0.11198,0.857476,29336335153.1,1,0.992533,0.00011114,0.002554791,0.01430125,127.712705,0.30825403,0.018495242,0.11085734,77.5158561,0.0683949,0.2594454,0.946628
24,SYN-2026-02-G04,Synthetic Copper C110,SYN-Laser-A,Generated example for database and UI testing.,Artificial profile used for visualization testing.,1030,0.708,0.8527,42.635,0.286528,2.292223,8,4.36593,linear-y,manual,775.264,SYN-Scanner-X,100.0,14.55661,646.29836,unidirectional,6.20888,5.66572,0.523592,-145.00828,14.94464,40.99409,3,48.13192,-7.83319,SYN-Profilometer-A,SYN-MEAS-0024,0.92873,1.96094,0.72532821,0.07416484,0.0464643,0.0013546,0.0198959,0.0020733,0.0139124,0.0003491,0.0204025,0.0009765,0.0269992,0.0019974,42.29724,1.73302,58.06893,2.13867,56.13393,0.80512,0.0153981,0.0012408,30.18515,14.91851,56985.22125,1720.10763,246.01135,0.8750013,3053.80782,105.34803,15.06697,1.827368,13.1685,1.88337,0.228421,431379344096.51,3,1.0,0.00565011,0.008353441,0.07915441,14.009348,0.02051919,0.001231152,0.0371625,1.5649792,0.4281984,0.4390999,4.497795
25,SYN-2026-02-G05,Synthetic Nickel Alloy 625,SYN-Laser-A,Synthetic parameter sweep; no real experiment.,Synthetic measurement result.,1030,0.8645,0.3554,17.7719,0.8133,3.253201,4,3.90851,elliptical,automatic,557.626,SYN-Scanner-X,160.0,21.78434,1447.44318,bidirectional,7.53492,8.88855,0.593916,488.17378,28.19568,54.81157,6,28.79965,0.2782,SYN-Confocal-B,SYN-MEAS-0025,2.53995,1.21306,1.92598599,0.21067783,0.0288087,0.0005397,0.0202311,0.0020173,0.0075536,0.0002369,0.0102732,0.0007684,0.0123676,0.0007065,29.48464,0.86964,35.76225,1.2451,39.83442,2.15224,0.018981,0.0008327,15.36376,22.98995,77418.21533,1189.43456,71.63325,0.7500032,922.17263,18.89063,1.13768,0.730254,4.72266,0.28442,0.182564,72769581971.17,6,1.0,0.00170652,0.028325546,0.0704884,41.3053,0.07682945,0.004609767,0.07082333,1.674586,0.7022575,0.3566014,1.250157
26,SYN-2026-02-G06,Synthetic Titanium Grade 2,SYN-Laser-C,Synthetic scan sequence with controlled variation.,Synthetic quality check completed.,1064,0.7868,0.556,44.4765,0.339602,1.018807,3,16.29253,linear-x,fixed,130.324,SYN-Scanner-Y,254.0,25.49116,1918.61299,bidirectional,7.07165,1.83533,3.061145,-540.99598,21.71699,83.54969,2,43.32928,4.85482,SYN-Confocal-B,SYN-MEAS-0026,2.18731,1.00473,0.86647602,0.13726444,0.0446872,0.0010124,0.0239547,0.0022376,0.0124509,0.0007457,0.0203085,0.0009972,0.0222003,0.0012839,50.25271,2.18665,58.86801,0.57731,62.66226,1.50107,0.0198339,0.0017754,34.99345,26.48516,17304.08864,605.52976,27.4777,0.6666722,1963.09721,103.04246,4.67586,9.013912,34.34749,1.55862,3.004637,95664648711.08,2,1.0,0.00311724,0.014841304,0.57175243,183.416379,1.08618735,0.065171241,2.28056654,19.9436541,0.5360519,0.4544586,4.120757
27,SYN-2026-02-G07,Synthetic Copper C110,SYN-Laser-C,Generated example for database and UI testing.,Synthetic quality check completed.,1064,0.8411,0.6996,55.965,1.268402,3.805206,3,17.43155,linear-y,manual,-101.814,SYN-Scanner-X,100.0,15.15776,678.38843,unidirectional,11.35573,10.89479,2.126313,-57.57819,29.86837,40.95538,8,35.41717,6.00853,SYN-Microscope-C,SYN-MEAS-0027,2.33129,1.11564,1.32874226,0.04682353,0.0360689,0.0011647,0.0259696,0.0006625,0.0134524,0.0007332,0.0166664,0.0006768,0.0184294,0.0012263,38.16468,1.21988,39.40452,3.09536,35.4762,1.10593,0.0207021,0.0005678,47.07214,15.21226,14308.57945,673.53551,92.64524,0.6666888,525.61317,37.11138,5.10469,1.676372,12.37046,1.70156,0.558791,97614064113.4,8,1.0,0.01361252,0.017740431,0.01792422,1.316746,0.02418327,0.001450996,0.06830151,4.7632125,0.72,0.462073,5.26746
28,SYN-2026-02-G08,Synthetic Nickel Alloy 625,SYN-Laser-A,Synthetic scan sequence with controlled variation.,Generated analysis values; not laboratory data.,1030,0.7342,0.6109,30.5463,0.274782,1.923475,7,5.78514,linear-x,automatic,-136.579,SYN-Scanner-Z,254.0,40.22654,4935.57781,bidirectional,11.39225,4.94069,3.28136,2444.58618,74.88231,114.92557,4,93.28743,-7.44735,SYN-Microscope-C,SYN-MEAS-0028,2.65281,1.91761,1.23660882,0.20807525,0.0909125,0.0020492,0.0235934,0.0010847,0.0225692,0.0014343,0.0381989,0.0026099,0.0447352,0.0023446,69.85956,0.76108,49.83306,3.38996,46.21607,2.30012,0.0213084,0.0005636,22.42704,44.89039,27360.8435,613.62272,9.6927,0.8571444,3119.36051,81.61754,1.28922,11.941679,11.65965,0.18417,1.705954,31835751196.21,4,1.0,0.0007367,0.020208778,0.08976012,121.841298,0.98343248,0.059005949,1.32332876,36.8573681,0.2595178,0.4201727,2.284991
29,SYN-2026-02-G09,Synthetic Silicon,SYN-Laser-C,Generated example for database and UI testing.,Synthetic quality check completed.,1064,0.8196,0.654,52.3178,0.400169,2.000845,5,11.56637,elliptical,fixed,130.561,SYN-Scanner-Y,160.0,27.74607,2273.06218,unidirectional,15.23908,11.52981,2.942851,629.24988,28.65548,46.09306,5,41.92814,6.37406,SYN-Confocal-B,SYN-MEAS-0029,2.81134,0.94744,1.37212966,0.14912556,0.0414471,0.0004823,0.0298419,0.002723,0.0083816,0.0006577,0.01215,0.0004534,0.0131957,0.0003383,48.94466,2.00088,45.55877,2.99011,45.11733,1.58853,0.0249947,0.0021214,42.88014,28.7896,19565.78706,838.98362,32.2205,0.8000046,1999.16728,107.15509,4.11521,7.354023,21.43102,0.82304,1.470805,71158135820.88,5,1.0,0.00411521,0.031075972,0.03537315,8.595717,0.06956544,0.004173926,0.17897853,10.1194572,0.72,0.2931454,4.847233
30,SYN-2026-02-G10,Synthetic Stainless Steel 316L,SYN-Laser-A,Synthetic parameter sweep; no real experiment.,Synthetic quality check completed.,1030,0.8041,0.5006,25.0305,0.173258,1.386064,8,3.60521,linear-y,fixed,-125.485,SYN-Scanner-X,160.0,19.78013,1193.35792,cross-hatch,17.94962,10.46604,3.54902,17.2812,22.25046,23.77569,2,41.54838,-2.29955,SYN-Microscope-C,SYN-MEAS-0030,1.27534,1.92902,0.77005355,0.06802562,0.0409977,0.0013593,0.018811,0.0014916,0.0120696,0.000449,0.0159808,0.0011315,0.0226442,0.0014985,61.26299,2.39556,40.47193,2.68106,44.41509,1.52539,0.0168135,0.0010027,20.12724,19.7822,11147.97815,224.378,18.25077,0.8750006,5050.27681,116.16919,9.44913,20.484024,14.52115,1.18114,2.560503,327620936866.97,2,1.0,0.00236228,0.009504375,0.02529624,10.708387,0.09924746,0.005954847,0.11985463,23.6902023,0.458832,0.3897983,1.997544
31,SYN-2026-02-G11,Synthetic Titanium Grade 2,SYN-Laser-A,Artificial record created for public demonstration.,Synthetic quality check completed.,1030,0.8836,0.5325,26.6244,0.62785,2.511401,4,3.17889,linear-y,fixed,737.126,SYN-Scanner-Y,160.0,34.60162,3651.7876,unidirectional,15.42404,4.50214,1.9634,-397.30385,56.44155,102.29793,1,60.68135,-3.93668,SYN-Profilometer-A,SYN-MEAS-0031,1.54222,1.33999,0.34788577,0.04189688,0.0597426,0.0007919,0.0143663,0.0007565,0.0105413,0.0003199,0.0133713,0.0008586,0.0163956,0.0014643,54.69986,0.69077,36.34491,1.53988,36.55757,1.50378,0.0123738,0.0007731,23.52535,34.8058,35454.63014,834.08267,21.91573,0.750002,1194.55552,37.46969,0.98453,3.127178,9.36742,0.24613,0.781795,77426694065.08,1,1.0,0.00024613,0.003010808,0.04335762,176.156472,0.2042382,0.012254292,0.28828654,66.4903925,0.2404704,0.2238152,1.99258
32,SYN-2026-02-G12,Synthetic Copper C110,SYN-Laser-C,Generated example for database and UI testing.,Generated analysis values; not laboratory data.,1064,0.7771,0.9664,77.3143,0.046907,0.37526,8,10.72659,linear-y,manual,471.057,SYN-Scanner-Z,254.0,31.44711,2919.91102,cross-hatch,13.57072,11.04252,3.164718,1188.52592,20.00597,23.68692,7,33.47668,-4.72336,SYN-Microscope-C,SYN-MEAS-0032,1.83339,1.48211,1.10951009,0.07025431,0.0344667,0.0003323,0.024816,0.0024769,0.0051712,0.0002247,0.0082878,0.0004556,0.0091387,0.0005068,53.55736,1.5562,40.84411,1.53098,37.536,1.15533,0.021374,0.0017416,60.0775,33.95244,21456.84917,1289.07392,35.59476,0.8750005,18653.75126,1280.76589,35.36536,67.467226,160.09574,4.42067,8.433403,412122542362.99,7,1.0,0.03094469,0.015646157,0.01491553,0.482006,0.01571887,0.000943132,0.05666103,5.4268506,0.72,0.2404591,3.442008
33,SYN-2026-02-G13,Synthetic Copper C110,SYN-Laser-C,Synthetic parameter sweep; no real experiment.,Artificial profile used for visualization testing.,1064,0.8961,0.6943,55.5417,0.077814,0.544695,7,8.99359,elliptical,manual,769.315,SYN-Scanner-Y,254.0,42.53464,5341.87559,unidirectional,11.50756,2.72678,2.182491,-2320.04865,57.73776,89.64296,4,122.62894,-16.94206,SYN-Microscope-C,SYN-MEAS-0033,1.84076,1.97088,0.81422237,0.16219934,0.1192194,0.0020378,0.0343299,0.0016383,0.0294945,0.0011821,0.051378,0.0040119,0.0657763,0.0044306,63.85737,0.73587,52.0936,0.93601,47.40467,2.31241,0.0253899,0.000981,49.77006,46.37306,42495.53931,2115.00538,31.30618,0.8571436,11015.34635,639.60629,9.46741,28.047685,91.37233,1.35249,4.006812,150383505537.08,4,1.0,0.00540995,0.014173903,0.11292638,20.873831,0.28591679,0.017155007,0.85380567,18.9018203,0.2879556,0.4309537,8.939957
34,SYN-2026-02-G14,Synthetic Nickel Alloy 625,SYN-Laser-A,Generated example for database and UI testing.,Synthetic quality check completed.,1030,0.7566,0.4161,20.807,0.347,1.388,4,2.00158,linear-y,fixed,-581.761,SYN-Scanner-X,100.0,22.07794,1486.72147,cross-hatch,6.54797,8.0092,2.252557,403.90264,36.86178,64.69489,4,75.15545,10.89124,SYN-Confocal-B,SYN-MEAS-0034,0.80307,2.79653,0.37446611,0.01904532,0.0762822,0.002288,0.0171722,0.0006836,0.0137979,0.0004683,0.0221446,0.0006749,0.027949,0.0014403,49.34856,2.73303,49.92097,2.22985,46.0395,1.09488,0.0150522,0.0010522,15.74179,22.87818,20313.07274,319.76414,19.4463,0.7500007,2161.38498,45.36538,2.75887,6.491519,11.34135,0.68972,1.62288,344587157795.93,4,1.0,0.00275887,0.004851704,0.02312802,8.383138,0.12199342,0.007319605,0.1152237,12.4549915,0.225114,0.2902982,2.120026
35,SYN-2026-02-G15,Synthetic Nickel Alloy 625,SYN-Laser-B,Artificial record created for public demonstration.,Artificial profile used for visualization testing.,515,0.6749,0.4549,11.3734,0.264584,1.852088,7,0.80509,elliptical,fixed,128.536,SYN-Scanner-X,160.0,24.91108,3785.53929,cross-hatch,17.51677,10.5851,2.744506,1046.11678,26.60748,46.9903,5,27.40798,-4.80349,SYN-Confocal-B,SYN-MEAS-0035,0.68952,2.53368,0.64064797,0.10484934,0.0271485,0.0004779,0.0140326,0.0005608,0.0078256,0.0003791,0.0113444,0.0007883,0.0159064,0.0013321,45.77474,0.95074,41.17236,0.94191,38.9095,2.45059,0.0113926,0.0009876,7.6763,25.84477,18833.82626,144.57416,6.88962,0.8571431,3239.58762,29.01272,1.38259,10.372909,4.14467,0.19751,1.481844,245329343017.87,5,1.0,0.00098756,0.004728625,0.00510053,5.164763,0.04852117,0.00291127,0.02234779,8.7629246,0.5168819,0.4178637,2.639966
36,SYN-2026-02-G16,Synthetic Copper C110,SYN-Laser-C,Generated example for database and UI testing.,Synthetic quality check completed.,1064,0.7282,0.4238,33.9041,1.10826,3.324779,3,11.55327,linear-x,fixed,473.174,SYN-Scanner-Y,160.0,39.96775,4716.58536,bidirectional,12.20384,10.42268,3.34988,-1415.65297,23.79442,92.37085,6,34.01245,2.52432,SYN-Microscope-C,SYN-MEAS-0036,3.75485,1.91034,4.50437523,0.95160132,0.0346346,0.0011138,0.0249369,0.0013548,0.0089293,0.0003418,0.0145276,0.0005884,0.0156695,0.0008219,48.35623,1.23728,49.99078,2.5843,49.40774,2.98977,0.0237458,0.0012074,24.68824,41.72921,24913.85605,615.07937,11.24349,0.6666795,601.55532,22.27659,0.40721,3.022649,7.42553,0.13574,1.00755,11748770613.69,6,1.0,0.00081442,0.064073495,0.08395592,103.086742,0.27106004,0.016263602,0.40151979,7.970845,0.72,0.4194525,1.19115
37,SYN-2026-02-G17,Synthetic Stainless Steel 316L,SYN-Laser-B,Synthetic scan sequence with controlled variation.,Generated analysis values; not laboratory data.,515,0.7341,0.6948,17.3707,0.677097,3.385486,5,2.26223,elliptical,fixed,497.329,SYN-Scanner-Z,100.0,27.24986,4529.71753,unidirectional,17.53337,4.26059,1.643151,2173.47748,53.60997,70.48612,8,83.25261,-5.92397,SYN-Profilometer-A,SYN-MEAS-0037,3.01831,2.70256,2.01427676,0.43443464,0.0803385,0.0020086,0.0212248,0.0020503,0.0268485,0.0021405,0.0349222,0.0016358,0.0432651,0.0012181,47.94212,2.61331,40.75373,0.62303,40.61386,1.62618,0.0174376,0.0012655,12.75155,30.22442,36788.36299,469.10849,16.34585,0.8000015,1181.51648,18.83267,0.65621,2.426758,3.76653,0.13124,0.485352,58014852631.44,8,1.0,0.00104994,0.034876775,0.0583595,55.583459,0.40315477,0.024189286,0.30845079,6.6066966,0.2641923,0.4346883,3.787229
38,SYN-2026-02-G18,Synthetic Titanium Grade 2,SYN-Laser-B,Synthetic parameter sweep; no real experiment.,Generated analysis values; not laboratory data.,515,0.783,0.7005,17.5116,0.337535,1.012606,3,2.02335,circular,automatic,-751.9,SYN-Scanner-X,160.0,17.71538,1914.44755,cross-hatch,4.0269,9.70618,3.226292,252.51006,30.11032,36.62889,6,54.73179,8.37558,SYN-Microscope-C,SYN-MEAS-0038,3.88234,1.96836,1.53733519,0.30827191,0.0546631,0.0008249,0.0155158,0.0010627,0.0154797,0.0007058,0.0223936,0.0016942,0.0250784,0.0009442,57.65306,0.7583,66.56338,2.56107,71.35001,1.37702,0.0116604,0.0008767,13.71231,17.86881,11076.99376,151.89122,15.14229,0.6666673,1975.10387,40.62483,4.04996,9.558383,13.54161,1.34999,3.186128,667204195221.78,6,1.0,0.00809991,0.011689953,0.04984735,6.154058,0.3531428,0.021188568,0.29054431,9.7144694,0.2838438,0.4096657,3.855352
39,SYN-2026-02-G19,Synthetic Copper C110,SYN-Laser-A,Synthetic scan sequence with controlled variation.,Artificial profile used for visualization testing.,1030,0.8051,0.4483,22.4127,0.326903,1.307614,4,4.05132,linear-y,manual,-514.838,SYN-Scanner-Y,160.0,36.17325,3991.05393,cross-hatch,15.51588,3.71298,0.403542,-1574.24641,63.69097,122.41517,2,80.46883,-0.07575,SYN-Confocal-B,SYN-MEAS-0039,2.33021,0.5494,0.26572364,0.05935509,0.0821606,0.0025396,0.0182908,0.0005065,0.0249008,0.0017587,0.0335082,0.0026,0.0398939,0.0020727,40.6617,2.35519,65.94148,2.04218,62.06944,1.92591,0.016318,0.0010772,18.04372,38.88558,192721.47468,3477.41239,73.20304,0.7500013,2294.25964,55.19587,1.16193,1.234437,13.79897,0.29048,0.308609,71700625125.52,2,1.0,0.00058096,0.002886222,0.02504962,43.117298,0.03568136,0.002140881,0.03862946,7.7105894,0.222623,0.4078382,1.97283
40,SYN-2026-02-G20,Synthetic Silicon,SYN-Laser-B,Artificial record created for public demonstration.,Synthetic quality check completed.,515,0.8932,0.9756,24.3894,0.175001,1.225009,7,2.02391,linear-x,manual,252.211,SYN-Scanner-X,160.0,26.25621,4205.39459,unidirectional,15.94078,9.09892,1.8524,-781.16844,46.3706,51.49583,7,63.71513,10.12922,SYN-Microscope-C,SYN-MEAS-0040,2.53951,1.24778,0.76474269,0.06183107,0.0628695,0.0018749,0.026336,0.0022127,0.0194569,0.0008738,0.0244962,0.0016767,0.0289268,0.0016747,55.48169,2.76162,40.15553,2.38438,44.40487,2.30818,0.0198426,0.0012341,21.78386,26.70535,28833.24256,628.09927,28.0338,0.8571432,4897.92402,124.47824,5.55581,10.585062,17.78261,0.79369,1.512152,392154944137.97,7,1.0,0.00555581,0.013373706,0.01317208,2.370867,0.05193941,0.003116364,0.06788644,7.3625919,0.4188992,0.3896351,6.493385
41,SYN-2026-03-G01,Synthetic Silicon,SYN-Laser-C,Artificial record created for public demonstration.,Generated analysis values; not laboratory data.,1064,0.9065,0.6838,54.7031,0.53242,2.129678,4,19.65344,circular,automatic,408.356,SYN-Scanner-Y,254.0,35.05307,3627.94154,cross-hatch,16.72469,9.97137,0.266104,-1793.58588,76.33203,76.66338,5,99.95679,-2.40329,SYN-Profilometer-A,SYN-MEAS-0041,2.78502,1.28147,1.12958968,0.15477415,0.1011863,0.0008936,0.0342384,0.0011392,0.0223651,0.001887,0.0347717,0.0022493,0.0407751,0.0022579,68.59802,1.92303,42.33049,1.90209,46.6851,3.48663,0.0326525,0.0008655,49.58784,39.10283,293891.54568,14573.44777,303.3863,0.7500105,1408.68325,93.13679,1.9389,0.499801,23.2842,0.48472,0.12495,24663595997.92,5,1.0,0.00242362,0.017959211,0.02153795,8.886678,0.00882241,0.000529344,0.02624905,2.4374696,0.3383698,0.3436409,1.585843
42,SYN-2026-03-G02,Synthetic Nickel Alloy 625,SYN-Laser-B,Generated example for database and UI testing.,Artificial profile used for visualization testing.,515,0.8445,0.4381,10.9534,0.943363,2.830088,3,2.75554,linear-x,automatic,457.107,SYN-Scanner-X,100.0,12.48441,950.77667,bidirectional,4.62488,3.69497,2.930768,-431.08291,20.70343,42.03223,2,53.48763,0.15729,SYN-Microscope-C,SYN-MEAS-0042,1.42647,0.77412,0.17598052,0.03421324,0.0515422,0.0014458,0.0104537,0.0004527,0.0088859,0.0005724,0.0145558,0.0004714,0.0174655,0.0010749,68.3441,1.41292,38.3631,1.66457,32.95274,2.30869,0.0083563,0.0004599,9.25023,13.7077,9354.33909,86.52982,14.65841,0.6666693,706.69455,9.8056,1.6611,3.106725,3.26853,0.5537,1.035575,200940065017.99,2,1.0,0.0011074,0.001369542,0.04007133,36.185119,0.26284808,0.015770885,0.14588437,18.2030858,0.2028179,0.2824054,2.097418
43,SYN-2026-03-G03,Synthetic Titanium Grade 2,SYN-Laser-A,Artificial record created for public demonstration.,Artificial profile used for visualization testing.,1030,0.8629,0.9199,45.9949,0.762473,0.762473,1,6.53157,linear-y,fixed,-105.274,SYN-Scanner-Z,254.0,22.19179,1502.09467,unidirectional,3.99661,11.16638,3.782332,416.15927,20.16007,40.93091,6,32.62941,5.81615,SYN-Profilometer-A,SYN-MEAS-0043,1.21741,2.26159,1.69228033,0.24471894,0.0320989,0.0005167,0.0231112,0.0023479,0.0075633,0.000634,0.0087646,0.0002898,0.0103917,0.000553,30.89175,1.16892,75.37601,1.09677,73.28389,1.53525,0.0194244,0.0016229,39.68947,23.02775,12176.48012,483.27802,29.00977,5e-06,0.00653,52.0536,3.12463,4.960611,52.0536,3.12463,4.960611,478388506330.14,6,1.0,0.01874776,0.02800997,0.10460615,5.579662,0.20097106,0.012058264,0.47858607,7.6252063,0.72,0.2730508,3.686761
44,SYN-2026-03-G04,Synthetic Aluminum 6082,SYN-Laser-C,Synthetic scan sequence with controlled variation.,Synthetic measurement result.,1064,0.9142,0.2942,23.5342,0.537989,1.075979,2,8.91893,circular,automatic,383.253,SYN-Scanner-Y,160.0,23.08384,1573.34613,cross-hatch,3.65344,8.37799,2.108438,-300.33966,23.56295,69.54838,2,44.29199,-2.29134,SYN-Confocal-B,SYN-MEAS-0044,2.27458,1.32308,0.9881175,0.08979895,0.0459668,0.0009257,0.0195296,0.0012979,0.0115305,0.0008341,0.0158335,0.001322,0.0166417,0.0011531,44.11088,2.96409,52.42199,1.60535,52.07784,2.9292,0.0175487,0.0007091,21.51509,23.50066,22292.01221,479.61457,27.64282,0.5000048,929.39527,39.99166,2.30494,3.919107,19.99583,1.15247,1.959553,129216045628.38,2,1.0,0.00230494,0.01441234,0.23543034,102.141694,0.54363806,0.032618283,0.70178519,14.9043068,0.4248628,0.3444558,1.98085
45,SYN-2026-03-G05,Synthetic Aluminum 6082,SYN-Laser-C,Synthetic parameter sweep; no real experiment.,Generated analysis values; not laboratory data.,1064,0.7161,0.9058,72.4661,0.816046,4.080231,5,17.87309,elliptical,manual,-359.419,SYN-Scanner-Y,160.0,32.89363,3194.71299,bidirectional,10.72294,4.73444,0.769188,749.43024,40.03795,75.31297,6,80.08592,-8.02214,SYN-Microscope-C,SYN-MEAS-0045,0.81436,2.78167,0.68402667,0.08157746,0.0776002,0.0022178,0.0351252,0.0029716,0.020748,0.0006893,0.0362771,0.0032424,0.0398264,0.0020352,31.02888,2.75977,66.8472,1.58232,65.64266,0.57263,0.0333859,0.0026449,51.89422,33.78658,87849.9314,4558.90337,127.12242,0.8000146,980.3546,63.59226,1.77323,0.94258,12.71845,0.35465,0.188516,19842500274.28,6,1.0,0.00212788,0.013718896,0.04503868,21.165982,0.0267283,0.001603698,0.08322264,3.0796729,0.4526426,0.4674872,1.739284
46,SYN-2026-03-G06,Synthetic Stainless Steel 316L,SYN-Laser-C,Artificial record created for public demonstration.,Synthetic measurement result.,1064,0.6665,0.3774,30.1881,0.379464,0.379464,1,18.75411,elliptical,manual,17.61,SYN-Scanner-Z,100.0,26.66583,2099.51173,bidirectional,7.818,11.92428,2.683575,1096.75541,48.79383,83.71298,8,56.50666,-5.45537,SYN-Confocal-B,SYN-MEAS-0046,3.30033,1.51432,1.49572201,0.30753408,0.0563861,0.0005396,0.0222483,0.0012748,0.013499,0.0010172,0.022032,0.0011568,0.028301,0.0010489,30.63197,2.99931,55.92707,2.87746,51.2965,1.72214,0.0176653,0.0004992,20.11933,30.085,22421.58071,451.1072,15.86463,7.1e-06,0.01875,53.02042,1.86463,7.072018,53.02042,1.86463,7.072018,99425298693.22,8,1.0,0.01491706,0.026998928,0.03620171,2.426866,0.23561022,0.014136613,0.28441919,9.8206419,0.394571,0.3907346,4.583081
47,SYN-2026-03-G07,Synthetic Silicon,SYN-Laser-A,Generated example for database and UI testing.,Synthetic measurement result.,1030,0.8568,0.8169,40.8468,0.382313,2.676188,7,2.03739,elliptical,fixed,-230.035,SYN-Scanner-X,160.0,22.25588,1510.78278,bidirectional,17.11719,1.69957,2.16914,-818.69052,38.50635,78.84097,8,42.26536,-4.28101,SYN-Confocal-B,SYN-MEAS-0047,3.71034,1.3925,3.07341591,0.41903308,0.0425932,0.0008464,0.0306671,0.0024777,0.0106706,0.000375,0.0151676,0.0013624,0.0162022,0.0006212,58.82762,0.86295,48.39638,1.63987,42.99381,3.44714,0.0278784,0.0020898,34.99875,25.31359,23339.74716,816.86191,40.57807,0.8571436,2241.99673,91.54484,4.54754,5.673733,13.07783,0.64965,0.810533,318862405243.85,8,1.0,0.00519719,0.059481361,0.25557482,49.175584,0.60993763,0.036596258,1.28082319,6.2644239,0.72,0.3561045,2.788774
48,SYN-2026-03-G08,Synthetic Aluminum 6082,SYN-Laser-C,Synthetic scan sequence with controlled variation.,Generated analysis values; not laboratory data.,1064,0.6679,0.9514,76.1114,0.770871,3.854353,5,17.51784,linear-x,automatic,496.801,SYN-Scanner-Y,160.0,40.47001,4835.87358,bidirectional,5.32284,6.25814,0.709003,-1290.69144,49.6063,68.17859,6,56.44831,-8.37672,SYN-Confocal-B,SYN-MEAS-0048,0.8885,1.87982,0.85822745,0.12993898,0.0580926,0.0011639,0.0346878,0.0012245,0.013051,0.0006198,0.0187305,0.0011784,0.0259936,0.001964,70.57126,2.8958,72.61001,2.96683,68.54938,1.21764,0.0332121,0.0026411,50.83556,41.88666,118156.46303,6006.55044,108.9742,0.8000135,1037.80526,65.94566,1.19642,0.919744,13.18913,0.23928,0.183949,13659483250.97,6,1.0,0.00143571,0.018301299,0.0915677,63.778794,0.06335193,0.003801116,0.19323186,3.5171037,0.5971124,0.3224259,1.475662
49,SYN-2026-03-G09,Synthetic Aluminum 6082,SYN-Laser-A,Generated example for database and UI testing.,Synthetic measurement result.,1030,0.8524,0.462,23.1012,0.534707,3.742952,7,6.26422,circular,fixed,-124.978,SYN-Scanner-Y,254.0,40.99872,5126.88098,bidirectional,8.87089,4.07461,1.50902,2552.82257,36.52395,113.80112,7,59.68124,2.3103,SYN-Profilometer-A,SYN-MEAS-0049,1.53217,2.17654,0.86586267,0.04034225,0.0589183,0.001218,0.0223285,0.0008231,0.0165461,0.0008679,0.0219948,0.0016839,0.0250513,0.0014712,55.26202,2.60126,76.6421,2.08007,77.51337,0.5234,0.0197272,0.0008856,19.69067,45.80005,60701.72214,1195.25736,18.13759,0.8571462,1603.01899,36.82512,0.55881,2.822141,5.26073,0.07983,0.403163,12743760584.02,7,1.0,0.00055881,0.014183856,0.05605865,100.31832,0.15691152,0.009414691,0.18538155,4.7241738,0.3789733,0.3733096,2.601225
50,SYN-2026-03-G10,Synthetic Stainless Steel 316L,SYN-Laser-B,Artificial record created for public demonstration.,Synthetic quality check completed.,515,0.8149,0.9438,23.5962,1.273488,3.820464,3,2.69562,elliptical,fixed,-76.515,SYN-Scanner-Y,254.0,40.50374,10007.66667,bidirectional,12.15629,7.29712,2.105961,-3959.91194,57.70545,63.23394,6,81.20563,2.65255,SYN-Microscope-C,SYN-MEAS-0050,1.8305,1.75804,0.58576892,0.13369567,0.0830307,0.0007271,0.0237166,0.0024733,0.0216713,0.0009243,0.0364237,0.000936,0.046269,0.0028411,51.04358,1.33115,48.33768,3.42827,52.37272,2.14885,0.0214504,0.000984,19.22879,43.55929,41367.61606,795.44936,13.34446,0.6666701,523.4993,15.09931,0.25331,1.653695,5.0331,0.08444,0.551232,31323194195.64,6,1.0,0.00050661,0.007535231,0.01415771,27.945851,0.08947632,0.005368579,0.1032313,12.1525439,0.2856369,0.4386775,2.266196
51,SYN-2026-03-G11,Synthetic Nickel Alloy 625,SYN-Laser-B,Synthetic scan sequence with controlled variation.,Synthetic measurement result.,515,0.7773,0.8466,21.1651,0.669035,4.014212,6,0.4421,elliptical,manual,775.265,SYN-Scanner-X,100.0,22.5093,3090.76834,unidirectional,11.18866,7.69268,0.925737,736.4922,14.6098,37.08753,2,54.87566,8.4886,SYN-Profilometer-A,SYN-MEAS-0051,1.1713,1.87671,0.46222386,0.04533706,0.0554611,0.0017327,0.0181753,0.0007946,0.0093399,0.0006902,0.0156677,0.0011469,0.0192759,0.0005942,30.6636,0.5555,51.73282,2.92941,54.45869,2.16601,0.0173639,0.0005847,16.45179,23.13952,49991.58636,822.45116,48.89353,0.8333336,1245.57492,24.59032,1.46186,1.383689,4.09839,0.24364,0.230615,551109373336.47,2,1.0,0.00048729,0.004268623,0.02479716,50.888276,0.02038545,0.001223127,0.02012264,4.0574477,0.3277126,0.2824989,0.811407
52,SYN-2026-03-G12,Synthetic Stainless Steel 316L,SYN-Laser-A,Generated example for database and UI testing.,Artificial profile used for visualization testing.,1030,0.7801,0.7821,39.1045,1.95262,3.90524,2,4.49773,circular,fixed,346.991,SYN-Scanner-Z,254.0,35.37501,3816.85661,bidirectional,6.0875,7.75241,0.634354,191.47829,57.50119,60.23186,6,85.40977,13.35764,SYN-Microscope-C,SYN-MEAS-0052,2.32239,0.8199,0.36066507,0.02980793,0.0849501,0.0008834,0.0253668,0.0015545,0.0263533,0.0022484,0.031986,0.0022367,0.0427164,0.0021973,47.26962,1.02831,61.83923,0.9455,58.89584,1.56745,0.023873,0.0006821,30.50564,35.4195,111671.00186,3406.59558,86.43426,0.5000088,256.07073,15.62293,0.39639,0.324874,7.81146,0.1982,0.162437,44066069600.25,6,1.0,0.00118918,0.005003407,0.01767009,14.859008,0.02112844,0.001267707,0.0386722,3.6476132,0.298608,0.3765268,1.49379
53,SYN-2026-03-G13,Synthetic Titanium Grade 2,SYN-Laser-B,Generated example for database and UI testing.,Generated analysis values; not laboratory data.,515,0.708,0.8198,20.4956,0.719156,4.314935,6,1.71204,circular,fixed,378.329,SYN-Scanner-Z,100.0,15.64787,1493.66381,unidirectional,11.55452,6.05195,3.016091,802.23479,28.11538,56.75532,2,57.94346,-7.86747,SYN-Profilometer-A,SYN-MEAS-0053,1.86084,1.55487,0.61028819,0.02358815,0.0594413,0.000855,0.0146966,0.001554,0.0085774,0.0003684,0.0147893,0.0004207,0.0174344,0.0009938,36.48635,1.91885,65.6815,0.50134,65.95289,1.17147,0.0114517,0.000271,14.51023,17.762,11778.16055,170.90378,17.24321,0.8333346,1158.7677,20.17675,2.03572,4.193932,3.36279,0.33929,0.698989,198177091291.98,2,1.0,0.00067857,0.004657956,0.03330564,49.081906,0.1946399,0.011678394,0.16945615,25.4395617,0.2472458,0.2488045,3.24487
54,SYN-2026-03-G14,Synthetic Copper C110,SYN-Laser-C,Artificial record created for public demonstration.,Artificial profile used for visualization testing.,1064,0.73,0.2342,18.7369,0.545408,3.272448,6,15.32259,linear-x,manual,192.002,SYN-Scanner-Y,254.0,53.57858,8475.99536,unidirectional,13.82139,11.69086,0.522882,1886.51177,109.31391,159.63854,2,148.3221,23.24542,SYN-Confocal-B,SYN-MEAS-0054,3.56104,1.20592,0.34401569,0.03070438,0.1436411,0.0046011,0.0149843,0.000624,0.0511246,0.0023859,0.0589737,0.0034634,0.0697806,0.0056796,63.27572,2.35071,43.08818,3.46009,47.00843,2.34405,0.011927,0.0008597,13.6774,54.88963,209950.28109,2871.5742,30.33818,0.8333417,1527.92341,25.07737,0.26494,0.958699,4.17956,0.04416,0.159783,2881828053.45,2,1.0,8.831e-05,0.004222827,0.01306699,147.960264,0.05460735,0.003276441,0.0448132,17.1474881,0.1043176,0.4105629,3.057317
55,SYN-2026-03-G15,Synthetic Silicon,SYN-Laser-A,Generated example for database and UI testing.,Synthetic quality check completed.,1030,0.9192,0.8326,41.6307,1.478022,1.478022,1,7.49717,linear-x,automatic,-456.584,SYN-Scanner-Z,254.0,26.92736,2211.56809,cross-hatch,15.43897,6.70355,3.246145,-171.06935,28.5255,42.50236,5,46.59716,-0.34962,SYN-Confocal-B,SYN-MEAS-0055,2.06234,2.40281,2.39801772,0.38405098,0.0456295,0.0007901,0.0297544,0.0010389,0.0098307,0.0007036,0.0155701,0.0012537,0.0175171,0.0006689,46.86041,2.45909,44.45967,1.04286,45.90343,1.24201,0.0226829,0.0006785,38.26489,27.0078,16639.92218,636.72476,27.78583,1.11e-05,0.0075,25.88925,1.12977,2.196276,25.88925,1.12977,2.196276,150693269860.99,5,1.0,0.00564886,0.033027923,0.06382462,11.298665,0.15445037,0.009267022,0.35460156,11.1117481,0.6520873,0.3412291,7.071547
56,SYN-2026-03-G16,Synthetic Nickel Alloy 625,SYN-Laser-C,Generated example for database and UI testing.,Artificial profile used for visualization testing.,1064,0.8603,0.4179,33.435,4.011054,4.011054,1,7.49806,circular,automatic,664.494,SYN-Scanner-X,100.0,19.61231,1135.70516,bidirectional,15.67328,3.37538,0.58075,536.11071,47.18238,56.76513,1,89.98539,-4.35911,SYN-Profilometer-A,SYN-MEAS-0056,1.53835,1.17111,0.25310526,0.01027837,0.0919258,0.0012686,0.022814,0.0023694,0.018128,0.0006017,0.0316923,0.0014703,0.0387974,0.0033727,48.25024,0.7697,49.11466,1.83109,52.75822,1.93244,0.0187349,0.001328,28.76414,21.68763,74688.36188,2148.34624,145.38855,3.01e-05,0.0075,7.17122,0.48531,0.144787,7.17122,0.48531,0.144787,64724674786.48,1,0.91931,0.00044615,0.003789832,0.07163695,147.610836,0.06824247,0.004094548,0.11777615,16.4406992,0.248178,0.3447593,4.079058
57,SYN-2026-03-G17,Synthetic Copper C110,SYN-Laser-A,Generated example for database and UI testing.,Artificial profile used for visualization testing.,1030,0.7979,0.9207,46.0362,0.748508,3.742538,5,2.26523,linear-x,automatic,803.504,SYN-Scanner-Z,100.0,32.46065,3213.86154,cross-hatch,11.01318,4.5901,0.335452,400.38293,33.5959,43.82042,7,40.73385,-4.06026,SYN-Confocal-B,SYN-MEAS-0057,1.32296,2.90785,2.54827319,0.2928207,0.0417752,0.0013864,0.0300782,0.0026363,0.0089336,0.0003756,0.0104634,0.0006633,0.0131876,0.0008031,39.63049,2.14925,74.1073,3.23881,70.65158,2.84002,0.0258571,0.001034,36.73407,32.71158,195029.70703,7164.23527,213.11641,0.8000017,1068.7958,49.07642,1.45989,0.448162,9.81528,0.29198,0.089632,128895467046.49,7,1.0,0.00204385,0.055909078,0.1579972,77.3039,0.04847271,0.002908363,0.106836,0.9659846,0.72,0.2504699,4.221025
58,SYN-2026-03-G18,Synthetic Nickel Alloy 625,SYN-Laser-B,Generated example for database and UI testing.,Generated analysis values; not laboratory data.,515,0.8622,0.9487,23.7182,3.506966,3.506966,1,2.72476,elliptical,fixed,448.959,SYN-Scanner-Z,254.0,22.02297,2958.6543,unidirectional,13.65189,2.13705,3.382245,-196.4361,34.9699,66.84014,5,42.63129,2.54179,SYN-Confocal-B,SYN-MEAS-0058,1.04024,1.12576,0.44216507,0.0214946,0.0411462,0.0009832,0.0195106,0.0018604,0.0120057,0.0007218,0.0155152,0.0010756,0.0172738,0.0006143,68.44548,1.62235,70.00781,0.62821,73.73603,2.72177,0.0155368,0.0009097,20.45084,22.07145,13051.36009,266.91123,17.44035,9.6e-06,0.00272,5.83149,0.38104,0.964436,5.83149,0.38104,0.964436,139842799670.01,5,1.0,0.00190519,0.005932342,0.04066769,21.345759,0.23520034,0.01411202,0.28860261,14.1932139,0.4741775,0.3770752,3.973784
59,SYN-2026-03-G19,Synthetic Nickel Alloy 625,SYN-Laser-A,Synthetic scan sequence with controlled variation.,Synthetic quality check completed.,1030,0.7237,0.3212,16.0601,0.242176,0.968704,4,7.06839,elliptical,fixed,842.739,SYN-Scanner-Y,160.0,23.95409,1750.13739,cross-hatch,17.29849,6.38763,0.689555,868.76879,25.7636,51.24956,5,50.05256,3.30218,SYN-Confocal-B,SYN-MEAS-0059,3.02793,1.97337,1.29643134,0.20902409,0.051141,0.0015509,0.0194037,0.0017632,0.0116177,0.0005348,0.0204806,0.0006109,0.0251286,0.0021473,57.83476,1.35872,47.43297,2.01026,51.98505,3.31989,0.017736,0.0008654,11.62215,26.74304,77566.1201,901.48524,40.12243,0.7500017,3096.92695,47.9905,2.13591,2.847327,11.99762,0.53398,0.711832,75544556306.99,5,1.0,0.00266989,0.017021486,0.03080914,11.539465,0.04709429,0.002825657,0.03284022,2.1318493,0.3794153,0.4004727,1.667634
60,SYN-2026-03-G20,Synthetic Titanium Grade 2,SYN-Laser-A,Generated example for database and UI testing.,Generated analysis values; not laboratory data.,1030,0.8485,0.6581,32.9052,0.874313,4.371563,5,2.54955,circular,fixed,-231.882,SYN-Scanner-X,160.0,15.90272,771.3571,bidirectional,11.88722,7.71353,1.309335,265.92169,23.14166,37.85844,8,28.06283,-1.5066,SYN-Confocal-B,SYN-MEAS-0060,3.59942,1.85592,3.92898157,0.80155673,0.0273868,0.0002881,0.0197185,0.0006987,0.0042942,0.0003043,0.006931,0.0002561,0.0099219,0.0007741,69.46678,1.30193,35.91808,2.35994,33.4922,1.29136,0.0164792,0.0011769,27.92024,16.82121,25694.27302,717.39037,80.70329,0.8000022,915.00703,31.93394,3.59243,1.49756,6.38679,0.71849,0.299512,281808319644.85,8,1.0,0.00574789,0.036705197,0.05003847,8.705544,0.05430379,0.003258228,0.09097051,2.2725142,0.72,0.2530766,3.239251
61,SYN-2026-04-G01,Synthetic Nickel Alloy 625,SYN-Laser-A,Artificial record created for public demonstration.,Artificial profile used for visualization testing.,1030,0.7035,0.4299,21.4939,0.394712,1.578848,4,2.18335,linear-y,fixed,662.831,SYN-Scanner-Z,254.0,30.80117,2893.65798,cross-hatch,9.0853,5.65333,0.98665,386.6588,36.17412,97.33764,2,81.15971,11.34434,SYN-Profilometer-A,SYN-MEAS-0061,2.19522,2.51012,0.94098061,0.10653328,0.0790062,0.0014912,0.0159486,0.0010444,0.0229874,0.0010835,0.0321218,0.0009513,0.0387456,0.0027053,35.21239,2.11629,65.60247,3.19768,64.55595,0.98464,0.0125574,0.0004193,15.12016,31.07494,62990.77431,952.43034,31.39517,0.7500009,1900.12212,38.30681,1.26272,2.499672,9.5767,0.31568,0.624918,144584646489.64,2,1.0,0.00063136,0.011864155,0.11549499,182.931068,0.27262654,0.016357593,0.24732935,10.7073632,0.2018654,0.4065728,3.391276
62,SYN-2026-04-G02,Synthetic Nickel Alloy 625,SYN-Laser-C,Artificial record created for public demonstration.,Synthetic quality check completed.,1064,0.7351,0.9031,72.245,0.605988,3.635926,6,18.99686,linear-x,fixed,172.5,SYN-Scanner-Z,254.0,42.24537,5269.46481,bidirectional,16.06576,9.6814,0.338785,-43.1931,56.18753,73.69748,3,115.77191,4.88278,SYN-Microscope-C,SYN-MEAS-0062,0.93866,0.96359,0.14423913,0.01601465,0.1195994,0.0033977,0.0331285,0.0021377,0.0286823,0.0015606,0.037715,0.0025865,0.0545652,0.0017033,51.40306,2.49727,40.73937,2.14384,39.45382,1.03998,0.030119,0.0011382,53.10573,42.24679,249402.0726,13244.67895,236.21318,0.8333448,1375.18439,87.63499,1.56293,0.559062,14.60583,0.26049,0.093177,13712202236.49,3,1.0,0.00078147,0.003403612,0.00729423,9.334031,0.00261458,0.000156875,0.00833095,3.807094,0.2769956,0.3153441,3.009551
63,SYN-2026-04-G03,Synthetic Stainless Steel 316L,SYN-Laser-A,Artificial record created for public demonstration.,Synthetic quality check completed.,1030,0.7705,0.3545,17.7235,0.137207,0.411621,3,4.30157,elliptical,automatic,531.6,SYN-Scanner-X,160.0,26.45003,2133.85511,bidirectional,7.03995,3.76567,2.839726,-606.14194,53.91148,76.30077,2,115.58906,-15.50246,SYN-Confocal-B,SYN-MEAS-0063,3.80026,2.85371,0.95207751,0.03271022,0.115948,0.0034308,0.01248,0.0006427,0.0203572,0.0008325,0.0356227,0.0020708,0.0407165,0.0010252,70.36606,2.33835,41.77651,2.95172,46.27174,2.60689,0.0096307,0.0007387,13.6561,27.49645,19365.56536,264.45814,11.13406,0.6666673,4858.84508,99.52924,4.19032,20.696667,33.17641,1.39677,6.898889,324712583176.59,2,1.0,0.00279355,0.008073482,0.15227158,54.5083,1.70706402,0.102423841,1.39871044,45.9281521,0.1076348,0.3072299,2.849349
64,SYN-2026-04-G04,Synthetic Stainless Steel 316L,SYN-Laser-B,Artificial record created for public demonstration.,Synthetic quality check completed.,515,0.7939,0.6816,17.0406,0.212157,1.697258,8,2.02038,circular,fixed,-777.282,SYN-Scanner-Z,254.0,31.56959,6079.67615,bidirectional,13.46624,8.92961,2.270917,-4.78118,36.82107,47.14896,4,71.77856,-3.58127,SYN-Profilometer-A,SYN-MEAS-0064,1.45234,2.76302,0.40360239,0.02763138,0.071503,0.0011708,0.0126386,0.0007891,0.0101224,0.0003236,0.0167656,0.0013548,0.0215402,0.0010783,32.07529,2.34953,37.19602,0.92733,33.14302,2.18134,0.0116753,0.0005585,13.52808,31.5696,27803.3899,376.12652,12.01285,0.8750004,4124.3012,63.76441,2.03653,10.703933,7.97055,0.25457,1.337992,125999282892.53,4,1.0,0.00101826,0.002683084,0.00557822,5.478164,0.03447918,0.002068751,0.02798623,12.5426412,0.1767557,0.234474,0.963254
65,SYN-2026-04-G05,Synthetic Copper C110,SYN-Laser-B,Generated example for database and UI testing.,Synthetic quality check completed.,515,0.7792,0.6737,16.8421,0.09339,0.373561,4,1.24426,linear-x,manual,447.067,SYN-Scanner-Y,254.0,35.9486,7883.27273,unidirectional,10.8825,10.77614,1.474876,3935.94816,64.78733,91.82612,1,60.40654,-6.44458,SYN-Microscope-C,SYN-MEAS-0065,1.29415,1.73511,0.37455671,0.0355021,0.0625117,0.0005287,0.0111931,0.0010767,0.0217406,0.0011371,0.0253693,0.0012245,0.0343026,0.002384,32.51131,2.60776,59.0892,0.84899,58.78954,3.24714,0.0091307,0.0006658,13.12273,40.18016,54486.16734,715.00742,14.09735,0.7500001,8030.81598,140.51498,2.77044,15.792604,35.12875,0.69261,3.948151,556645351656.11,1,1.0,0.00069261,0.002824332,0.02408373,34.772368,0.1753658,0.010521948,0.13807671,57.3319539,0.1790563,0.4058335,2.062383
66,SYN-2026-04-G06,Synthetic Silicon,SYN-Laser-A,Synthetic scan sequence with controlled variation.,Artificial profile used for visualization testing.,1030,0.8745,0.4552,22.761,0.033694,0.269552,8,4.54921,elliptical,automatic,-132.446,SYN-Scanner-Y,254.0,51.02903,7942.31651,cross-hatch,4.70166,11.7811,2.0174,3887.28214,113.90446,154.2039,8,241.90427,-19.679,SYN-Confocal-B,SYN-MEAS-0066,1.92996,1.39869,0.20359173,0.04668471,0.242197,0.0039993,0.0239449,0.0021391,0.0415166,0.001606,0.0542719,0.0035981,0.0628347,0.0055782,38.15574,2.53557,36.58217,0.79381,38.1975,0.70832,0.0205946,0.0018147,19.90438,56.81323,56323.20577,1121.07851,11.05573,0.8750002,25969.01234,590.73944,5.82569,59.874153,73.84243,0.72821,7.484269,160074199574.27,8,0.997559,0.00581147,0.003254181,0.00734369,1.26057,0.08478095,0.005086857,0.10125074,17.2343163,0.0988653,0.2240816,3.350277
67,SYN-2026-04-G07,Synthetic Silicon,SYN-Laser-C,Generated example for database and UI testing.,Synthetic measurement result.,1064,0.7882,0.8717,69.7357,0.424698,3.397583,8,10.35695,elliptical,automatic,-330.694,SYN-Scanner-X,160.0,18.95748,1061.13184,bidirectional,4.31234,5.69993,2.513488,228.09441,16.56032,23.96866,5,43.28986,4.81772,SYN-Confocal-B,SYN-MEAS-0067,1.23246,2.26704,1.17941486,0.2152442,0.0446775,0.0008889,0.0321678,0.0014978,0.013162,0.000651,0.0171662,0.001464,0.0247139,0.0022222,45.61141,0.91574,43.35792,1.69499,48.1528,0.92548,0.0277523,0.0012435,54.96429,19.3905,15429.1574,848.05263,71.79513,0.8750044,2060.29865,129.41974,10.95652,5.918296,16.17747,1.36957,0.739787,132236380230.6,5,1.0,0.00684783,0.023859852,0.19413999,28.350602,0.14702116,0.00882127,0.4848548,4.9948988,0.72,0.3842253,4.415524
68,SYN-2026-04-G08,Synthetic Stainless Steel 316L,SYN-Laser-B,Artificial record created for public demonstration.,Artificial profile used for visualization testing.,515,0.8877,0.3216,8.0392,1.372202,4.116605,3,1.95592,circular,manual,749.503,SYN-Scanner-Y,160.0,30.97307,5852.09333,cross-hatch,14.04225,9.16995,1.726551,-871.76423,53.16236,97.47614,4,86.84719,7.75973,SYN-Confocal-B,SYN-MEAS-0068,3.94924,2.42262,0.64650802,0.06220469,0.088047,0.0019903,0.0098363,0.0010609,0.0158827,0.0008403,0.0235747,0.0010297,0.0328879,0.0024957,67.98288,2.74882,44.58558,2.09969,45.18944,3.10724,0.0091037,0.0005015,7.13633,31.31485,36274.45235,258.86661,8.40283,0.6666694,485.83923,5.20065,0.16881,1.258234,1.73355,0.05627,0.419411,28769682832.64,4,1.0,0.00022508,0.004590663,0.00891275,39.597356,0.11463579,0.006878148,0.04908476,13.7681308,0.1117169,0.267751,0.732621
69,SYN-2026-04-G09,Synthetic Stainless Steel 316L,SYN-Laser-A,Synthetic scan sequence with controlled variation.,Synthetic measurement result.,1030,0.9197,0.3054,15.2725,0.649908,2.599632,4,3.3686,circular,manual,665.244,SYN-Scanner-Y,254.0,36.70333,4108.88187,cross-hatch,8.18975,10.96729,0.343787,-1132.21193,45.01152,113.43154,1,76.16976,8.36856,SYN-Confocal-B,SYN-MEAS-0069,1.54607,1.53741,0.22516645,0.01159423,0.0733904,0.0015963,0.011627,0.0004196,0.0147328,0.0008631,0.0206923,0.001468,0.0258818,0.0018223,32.23052,2.83498,76.75925,0.89519,78.44661,2.97472,0.009781,0.0008517,14.04675,38.07127,221481.81116,3111.10065,68.32341,0.7500022,1154.01308,21.61345,0.47466,0.528978,5.40336,0.11866,0.132244,35226561144.23,1,1.0,0.00011866,0.001270826,0.01414867,119.232884,0.01558665,0.000935199,0.01313651,9.284622,0.1584265,0.2819488,1.846013
70,SYN-2026-04-G10,Synthetic Silicon,SYN-Laser-C,Synthetic parameter sweep; no real experiment.,Synthetic quality check completed.,1064,0.7461,0.3337,26.6936,0.303949,1.215796,4,15.33222,linear-x,manual,349.915,SYN-Scanner-Z,254.0,19.24117,1093.12887,bidirectional,5.02026,5.43241,2.828007,-589.65566,41.24198,65.09818,1,60.51937,10.2091,SYN-Microscope-C,SYN-MEAS-0070,3.52051,1.64015,1.04274054,0.1884784,0.0582923,0.000628,0.0143792,0.0007173,0.0133699,0.0008867,0.0178897,0.0006592,0.0210868,0.0018228,57.90806,0.78766,41.45225,1.32107,41.94287,1.70597,0.0119402,0.0004524,19.91478,21.86202,15461.08191,307.90409,20.50619,0.7500047,2467.53541,65.52017,4.3636,9.304218,16.38004,1.0909,2.326054,71150737397.79,1,1.0,0.0010909,0.011319917,0.41507291,380.487033,2.43090897,0.145854538,2.90466151,69.9795495,0.2466734,0.3068965,2.438957
71,SYN-2026-04-G11,Synthetic Nickel Alloy 625,SYN-Laser-C,Artificial record created for public demonstration.,Artificial profile used for visualization testing.,1064,0.7893,0.4632,37.0539,0.636364,2.545455,4,10.98783,circular,manual,-698.089,SYN-Scanner-Y,254.0,53.42749,8428.25583,cross-hatch,6.78853,3.43491,3.499398,-4045.58064,31.48824,116.14069,8,45.39521,-5.59764,SYN-Profilometer-A,SYN-MEAS-0071,3.8279,1.66065,2.81644957,0.58805484,0.0445729,0.001485,0.0284046,0.0007564,0.0155055,0.0006458,0.0202438,0.0014085,0.025447,0.0022656,28.3717,1.98294,46.531,3.30613,45.74969,0.8324,0.022438,0.0010373,29.24758,59.26363,33870.75566,990.63765,8.97818,0.750007,1178.58237,45.96048,0.41654,5.499054,11.49012,0.10414,1.374764,9477333374.07,8,1.0,0.00083308,0.06209813,0.33288812,399.585854,1.25415163,0.075249098,2.20085403,8.2642407,0.6372615,0.4541726,5.966661
72,SYN-2026-04-G12,Synthetic Stainless Steel 316L,SYN-Laser-B,Artificial record created for public demonstration.,Synthetic measurement result.,515,0.8165,0.8017,20.0437,1.26187,2.52374,2,2.48233,linear-y,automatic,190.033,SYN-Scanner-Y,160.0,33.13225,6696.44846,unidirectional,13.59134,9.92791,2.485627,2953.71531,40.85426,49.83999,1,60.9478,-10.63455,SYN-Microscope-C,SYN-MEAS-0072,2.84022,2.51719,1.59611923,0.21975805,0.0619567,0.0013963,0.0164073,0.0016112,0.0147029,0.0009946,0.0247091,0.001506,0.0309925,0.0007817,37.81495,2.76798,69.86337,1.09581,66.28771,2.72551,0.0153328,0.0010591,16.3665,36.21217,29137.24321,476.87464,11.57565,0.5000031,396.23982,12.97004,0.31483,1.969797,6.48502,0.15742,0.984898,63415068127.41,1,1.0,0.00015742,0.020147469,0.14931402,948.523918,0.92644184,0.05558651,0.90975652,60.9290747,0.2648191,0.3988123,1.074525
73,SYN-2026-04-G13,Synthetic Stainless Steel 316L,SYN-Laser-C,Synthetic parameter sweep; no real experiment.,Synthetic quality check completed.,1064,0.7898,0.3622,28.9747,0.329095,1.645477,5,19.85361,linear-x,automatic,497.297,SYN-Scanner-Y,160.0,20.63945,1257.77998,cross-hatch,15.77882,4.4982,1.246315,56.42184,44.94487,53.77688,4,45.45183,-1.18631,SYN-Microscope-C,SYN-MEAS-0073,3.10059,1.49977,1.52491556,0.24216116,0.0459139,0.0004034,0.019361,0.0011714,0.0103081,0.0003972,0.0138417,0.0003656,0.0149105,0.0009326,29.72707,1.92823,55.03627,2.12281,58.89657,1.34467,0.0155237,0.0012253,22.88283,20.66021,33154.07825,758.65918,56.57537,0.8000065,2430.92645,69.53253,5.18524,3.787094,13.90651,1.03705,0.757419,52234724538.53,4,0.919358,0.00381367,0.013779676,0.0485362,11.700571,0.11881298,0.007128779,0.16312664,8.4023189,0.4216803,0.3014702,3.837304
74,SYN-2026-04-G14,Synthetic Silicon,SYN-Laser-B,Synthetic scan sequence with controlled variation.,Artificial profile used for visualization testing.,515,0.6708,0.9498,23.7438,0.821109,3.284435,4,3.33689,elliptical,manual,-810.548,SYN-Scanner-Y,254.0,31.45667,6036.26306,cross-hatch,15.68213,3.54614,0.891514,3281.23616,23.21567,46.62864,7,54.20296,1.46155,SYN-Confocal-B,SYN-MEAS-0074,3.55761,1.45963,1.30579846,0.26306359,0.0540802,0.0008877,0.0176074,0.001051,0.0136441,0.0012099,0.0228919,0.0020365,0.0325514,0.0013642,65.22266,1.02064,76.09144,2.12317,78.35019,1.85041,0.0144523,0.0012051,15.92783,35.80382,80321.37777,1279.34523,31.76722,0.7500027,913.40235,19.39795,0.48167,1.085744,4.84949,0.12042,0.271436,36086595759.41,7,1.0,0.00084292,0.015705887,0.04034629,47.865019,0.05242718,0.003145631,0.05010307,1.7740371,0.32558,0.4232948,3.155155
75,SYN-2026-04-G15,Synthetic Stainless Steel 316L,SYN-Laser-A,Synthetic parameter sweep; no real experiment.,Synthetic measurement result.,1030,0.8055,0.7871,39.354,0.330425,2.6434,8,5.50764,linear-y,fixed,224.128,SYN-Scanner-Y,254.0,45.06676,6194.77183,bidirectional,6.08108,1.59823,0.256821,-1120.31963,68.87687,96.78581,1,121.65897,9.74253,SYN-Profilometer-A,SYN-MEAS-0075,2.90963,1.09906,0.41388672,0.05668201,0.1218197,0.0038316,0.0202854,0.0021594,0.0339894,0.0019527,0.0522808,0.0035686,0.0684499,0.0050849,39.51377,1.47579,68.40383,2.34194,70.82413,1.59757,0.0147847,0.0003858,31.70142,45.79782,356651.80783,11306.36749,171.58672,0.8750018,2648.11039,95.94134,1.45602,0.777244,11.99267,0.182,0.097156,33045368027.84,1,1.0,0.000182,0.00512165,0.52697537,2895.435775,0.29404609,0.017642765,0.55930065,10.6134115,0.1665201,0.4291651,5.500736
76,SYN-2026-04-G16,Synthetic Silicon,SYN-Laser-C,Synthetic parameter sweep; no real experiment.,Synthetic measurement result.,1064,0.805,0.6814,54.5092,1.236331,3.708993,3,14.67035,elliptical,automatic,-473.534,SYN-Scanner-Y,160.0,20.59591,1252.47814,bidirectional,12.44642,4.55851,3.742071,522.7839,30.98146,31.81676,8,45.87923,0.81542,SYN-Microscope-C,SYN-MEAS-0076,1.85464,0.94965,0.74628004,0.14280262,0.0441181,0.0015238,0.031765,0.0029007,0.0100314,0.0002776,0.013858,0.0005545,0.0196746,0.0010345,63.66768,1.55349,42.47685,3.08234,43.81257,0.62866,0.02947,0.0017515,43.87973,22.31804,11928.17862,523.4053,33.44845,0.6666848,539.24459,35.4919,2.26813,3.026755,11.83063,0.75604,1.008918,51535378158.48,8,1.0,0.00604833,0.015830537,0.03487697,5.766376,0.09214857,0.005528914,0.24260728,8.6951103,0.72,0.3141107,2.295053
77,SYN-2026-04-G17,Synthetic Stainless Steel 316L,SYN-Laser-A,Synthetic parameter sweep; no real experiment.,Artificial profile used for visualization testing.,1030,0.694,0.9125,45.6238,0.108168,0.540838,5,2.58171,elliptical,fixed,-372.662,SYN-Scanner-Z,254.0,33.04464,3330.53951,unidirectional,15.59308,8.69957,0.664665,337.71521,51.29232,56.48807,8,119.33875,-4.54862,SYN-Microscope-C,SYN-MEAS-0077,2.34663,1.01768,0.3747233,0.03936646,0.120804,0.0024942,0.0270719,0.0017748,0.0318762,0.0023364,0.0516594,0.0020108,0.055316,0.0048587,28.11962,1.02432,40.9328,1.95215,40.56634,0.99838,0.0217128,0.0007548,31.66427,33.21408,99942.37826,3164.60202,91.31134,0.8000003,7395.93107,292.73331,8.44652,6.144765,58.54666,1.6893,1.228953,654335080551.4,8,1.0,0.01351443,0.005121578,0.00471937,0.34921,0.00508124,0.000304874,0.00965362,2.5569144,0.2240979,0.4276298,5.359144
78,SYN-2026-04-G18,Synthetic Nickel Alloy 625,SYN-Laser-B,Artificial record created for public demonstration.,Artificial profile used for visualization testing.,515,0.7423,0.8924,22.3112,0.806176,4.030879,5,1.05412,elliptical,fixed,248.732,SYN-Scanner-Y,160.0,31.6389,6106.40394,bidirectional,12.75896,2.22176,0.531364,3277.46993,77.79443,108.41201,2,171.9377,20.10506,SYN-Confocal-B,SYN-MEAS-0078,1.35527,0.85105,0.07072167,0.01542585,0.1784042,0.0043033,0.0141322,0.0013895,0.0397508,0.0013895,0.0679723,0.0031069,0.0817343,0.0050142,64.55758,1.95679,54.98558,1.23243,53.21785,3.39341,0.0102532,0.0004209,16.56206,35.90807,135154.3535,2238.43496,55.25994,0.8000008,992.34042,20.54398,0.50717,0.659117,4.1088,0.10143,0.131823,96225577435.32,2,0.923153,0.00018728,0.000453202,0.00799372,39.403803,0.01995147,0.001197088,0.01982625,12.4011466,0.0792143,0.3810019,3.878976
79,SYN-2026-04-G19,Synthetic Aluminum 6082,SYN-Laser-C,Synthetic scan sequence with controlled variation.,Generated analysis values; not laboratory data.,1064,0.7894,0.7798,62.3846,0.136407,0.95485,7,8.85265,linear-x,fixed,-564.632,SYN-Scanner-Z,254.0,28.19492,2347.19905,bidirectional,14.26282,3.23843,0.687267,-233.85702,48.65554,55.92858,8,89.56242,-15.33589,SYN-Confocal-B,SYN-MEAS-0079,2.26619,0.81427,0.60411136,0.02034564,0.0919867,0.0011399,0.0379925,0.0025868,0.0165829,0.0004238,0.0224323,0.0015406,0.0296336,0.0024722,68.52869,1.6308,73.72964,0.57943,72.38548,1.71946,0.0286163,0.0014838,49.24684,28.33451,82455.5615,4060.67595,160.9967,0.8571441,6283.71726,361.02826,14.31396,5.038353,51.57547,2.04485,0.719765,230987402201.69,8,1.0,0.01635881,0.012471513,0.0337512,2.063181,0.02291759,0.001375055,0.06771714,2.5079529,0.4130214,0.2438649,9.376172
80,SYN-2026-04-G20,Synthetic Aluminum 6082,SYN-Laser-B,Synthetic scan sequence with controlled variation.,Synthetic quality check completed.,515,0.891,0.2388,5.9705,0.82227,4.111352,5,2.5612,circular,fixed,-777.376,SYN-Scanner-Z,254.0,21.9153,2929.79732,unidirectional,13.85391,11.64054,0.500211,965.71245,32.9467,51.26782,7,59.89675,-10.50257,SYN-Profilometer-A,SYN-MEAS-0080,3.55974,1.44491,0.82898013,0.09081552,0.061808,0.001333,0.0130023,0.0007836,0.0166831,0.0006599,0.0205307,0.0010651,0.024514,0.0014287,57.16184,2.69164,68.18954,1.51296,68.28075,1.50381,0.0102422,0.0002914,5.31947,23.07513,92261.66231,490.78281,29.33938,0.8000021,972.91842,6.46924,0.38674,0.608329,1.29385,0.07735,0.121666,30199595532.24,7,1.0,0.00054143,0.007125185,0.00631179,11.657615,0.01955462,0.001173277,0.00624121,1.4125962,0.2103653,0.3321693,2.760067
81,SYN-2026-05-G01,Synthetic Nickel Alloy 625,SYN-Laser-C,Synthetic parameter sweep; no real experiment.,Synthetic quality check completed.,1064,0.7951,0.299,23.9191,3.663287,3.663287,1,13.33281,linear-y,manual,-821.479,SYN-Scanner-X,100.0,21.2249,1330.14679,bidirectional,3.21213,3.67706,2.416507,-236.97382,15.40401,36.57423,3,26.85576,-3.17583,SYN-Profilometer-A,SYN-MEAS-0081,0.65201,1.09871,0.43424769,0.03447867,0.0273593,0.000775,0.0181256,0.001708,0.0092195,0.0006222,0.0119928,0.0005222,0.013884,0.0004966,40.35274,1.92582,44.59169,2.79929,45.64255,1.08912,0.0133261,0.0007475,19.01848,21.5591,17843.19372,339.35045,23.24005,4.88e-05,0.01333,5.19164,0.35554,0.659655,5.19164,0.35554,0.659655,26666871552.21,3,1.0,0.00106663,0.004987055,0.14074351,131.951255,0.27547006,0.016528203,0.31434133,7.4447797,0.662501,0.4383441,4.799419
82,SYN-2026-05-G02,Synthetic Copper C110,SYN-Laser-A,Generated example for database and UI testing.,Generated analysis values; not laboratory data.,1030,0.7195,0.2266,11.3285,0.290998,1.454992,5,2.27709,linear-y,manual,428.901,SYN-Scanner-Y,160.0,44.95,6162.71551,unidirectional,5.29488,11.46789,2.3216,963.87471,79.80488,140.31623,2,175.59926,-3.29661,SYN-Microscope-C,SYN-MEAS-0082,2.57848,2.18328,0.38841221,0.04967809,0.1720428,0.0024748,0.0132849,0.0010412,0.0272775,0.0022654,0.0436217,0.0013485,0.0523496,0.0027851,67.47007,1.25752,37.40748,1.33829,39.47644,1.58135,0.0117633,0.0004425,8.15072,45.49647,39194.07295,319.46007,4.9126,0.8000007,2749.15745,28.00951,0.43073,7.978047,5.6019,0.08615,1.595609,37831247091.8,2,1.0,0.00017229,0.002457079,0.0202325,117.432812,0.45990714,0.027594429,0.22491457,55.582491,0.0772189,0.2535514,1.521618
83,SYN-2026-05-G03,Synthetic Aluminum 6082,SYN-Laser-C,Generated example for database and UI testing.,Artificial profile used for visualization testing.,1064,0.7316,0.3663,29.3067,1.296016,3.888049,3,16.22463,circular,manual,-593.878,SYN-Scanner-Y,254.0,23.99715,1700.30772,bidirectional,16.99,8.28818,3.747214,-474.64585,19.95291,43.85186,1,53.32146,-0.55077,SYN-Confocal-B,SYN-MEAS-0083,3.69304,2.9488,3.46980149,0.8072599,0.0542169,0.0008519,0.0199134,0.0021739,0.0206414,0.0012094,0.0236762,0.0014259,0.0256928,0.0013631,30.30268,2.75558,54.00821,2.00648,58.46519,3.33651,0.0172982,0.0012726,21.43946,24.91462,13297.67489,285.09491,14.61946,0.6666877,514.41309,16.54258,0.84829,2.891333,5.51419,0.28276,0.963778,17428062182.01,1,1.0,0.00028276,0.043699431,0.31032982,1097.487758,1.08224213,0.064934528,1.3921609,44.8606876,0.3672917,0.436695,2.615167
84,SYN-2026-05-G04,Synthetic Aluminum 6082,SYN-Laser-C,Generated example for database and UI testing.,Artificial profile used for visualization testing.,1064,0.7226,0.8195,65.563,0.676617,3.383085,5,10.49274,elliptical,automatic,428.569,SYN-Scanner-Z,100.0,20.76274,1272.85134,unidirectional,13.01561,2.03421,1.544821,248.54296,29.12365,46.56168,5,40.53088,0.39693,SYN-Confocal-B,SYN-MEAS-0084,1.9548,0.54662,0.46191345,0.04760776,0.0392896,0.0008419,0.0282885,0.0008292,0.006932,0.0003346,0.0116308,0.0010363,0.0154381,0.000568,47.53315,0.73914,37.81749,0.72584,36.59975,1.97084,0.0242569,0.0006622,47.37658,21.15486,27388.11768,1297.55546,92.2902,0.8000071,1182.36312,70.01979,4.98024,2.283153,14.00396,0.99605,0.456631,94927356221.79,5,1.0,0.00498024,0.010525764,0.07951013,15.965115,0.0755062,0.004530372,0.21463356,5.3988982,0.72,0.2960266,4.03162
85,SYN-2026-05-G05,Synthetic Titanium Grade 2,SYN-Laser-C,Synthetic parameter sweep; no real experiment.,Synthetic quality check completed.,1064,0.7854,0.6265,50.1189,0.233637,1.635456,7,13.51508,linear-y,fixed,-422.595,SYN-Scanner-Y,254.0,43.99175,5714.13673,bidirectional,11.36499,5.50161,3.117716,-990.71225,23.71541,48.94159,4,51.61445,6.92274,SYN-Confocal-B,SYN-MEAS-0085,3.86494,1.15472,1.79970999,0.40511549,0.0512459,0.0016692,0.0313298,0.00088,0.0144363,0.0005339,0.0173228,0.0011547,0.0214654,0.0017389,61.79618,2.36458,71.57855,3.41319,76.0703,1.42698,0.0242169,0.0013878,39.36181,44.64805,28641.511,1127.3818,18.00181,0.857146,3668.7148,168.47452,2.69017,13.344298,24.06779,0.38431,1.906328,28435620732.83,4,1.0,0.00153724,0.042791252,0.1710945,111.299902,0.32138685,0.019283211,0.75902215,11.090686,0.6113614,0.3380322,7.112873
86,SYN-2026-05-G06,Synthetic Stainless Steel 316L,SYN-Laser-C,Synthetic scan sequence with controlled variation.,Synthetic quality check completed.,1064,0.7776,0.7282,58.2569,0.741541,3.707705,5,8.27484,circular,fixed,262.215,SYN-Scanner-X,160.0,20.57478,1249.91028,unidirectional,3.91232,10.78095,0.360842,-257.22868,42.28013,53.26353,4,62.89541,6.4164,SYN-Confocal-B,SYN-MEAS-0086,1.93103,2.1811,1.51992716,0.23262143,0.062766,0.0019324,0.0332766,0.0034323,0.0173825,0.000982,0.0201074,0.0005845,0.02798,0.0016146,34.17713,0.8378,76.3205,1.79653,72.92139,2.45106,0.0245643,0.0009948,45.29817,21.00597,116427.51539,5273.9535,380.4531,0.8000061,1078.84281,61.08654,4.40667,0.486611,12.21731,0.88133,0.097322,106507691083.01,4,0.993657,0.00350297,0.031776356,0.18834424,53.42592,0.06343443,0.003806066,0.17240782,2.2884668,0.5301703,0.3203548,8.712337
87,SYN-2026-05-G07,Synthetic Aluminum 6082,SYN-Laser-C,Synthetic parameter sweep; no real experiment.,Synthetic measurement result.,1064,0.7043,0.9346,74.7717,0.546998,3.828984,7,10.53511,linear-x,automatic,-518.325,SYN-Scanner-Z,100.0,33.4486,3303.42262,unidirectional,11.69574,6.8037,1.896396,676.12184,32.68819,47.51105,3,70.34415,-7.68415,SYN-Microscope-C,SYN-MEAS-0087,2.18815,0.86825,0.64554375,0.08585396,0.072795,0.0021108,0.0336145,0.0017968,0.0216384,0.0011945,0.0335613,0.0014126,0.0474642,0.0038894,59.96095,1.70146,45.92408,2.31047,42.18249,2.17877,0.0306083,0.002376,52.66311,34.14201,36007.26238,1896.25441,51.78077,0.8571486,1567.00574,96.27665,2.62901,3.466917,13.75381,0.37557,0.495274,35649693148.01,3,1.0,0.00112672,0.013076203,0.05477566,48.615136,0.06447642,0.003868585,0.20373172,12.3979478,0.4617693,0.4610382,3.006188
88,SYN-2026-05-G08,Synthetic Silicon,SYN-Laser-C,Artificial record created for public demonstration.,Synthetic quality check completed.,1064,0.8991,0.3712,29.6981,0.325325,1.951951,6,12.51033,linear-y,manual,493.208,SYN-Scanner-Y,254.0,49.257,7163.81291,unidirectional,2.98755,5.34633,2.077839,337.17011,65.2568,149.56361,5,105.36623,-8.43135,SYN-Profilometer-A,SYN-MEAS-0088,0.89644,0.87278,0.09526269,0.01338602,0.105171,0.0024022,0.0206718,0.0011845,0.0183991,0.0014267,0.0318821,0.0013052,0.0365821,0.0019962,35.07979,2.55648,66.55941,2.24398,61.97839,1.21706,0.0152018,0.0008294,26.70058,49.31153,47464.24533,1267.32288,16.58977,0.8333374,2561.55273,82.07353,1.07438,6.386962,13.67892,0.17906,1.064494,14313187049.11,5,1.0,0.00089531,0.001169561,0.01464477,16.357144,0.07437029,0.004462218,0.1191438,16.2711754,0.1965539,0.3031453,5.469976
89,SYN-2026-05-G09,Synthetic Silicon,SYN-Laser-B,Synthetic scan sequence with controlled variation.,Generated analysis values; not laboratory data.,515,0.7685,0.7611,19.0283,0.868946,4.34473,5,0.4556,elliptical,manual,-772.197,SYN-Scanner-Y,160.0,29.32318,5245.23355,cross-hatch,9.26931,3.05545,2.588092,134.83855,15.67214,55.22222,5,41.07773,-1.69808,SYN-Confocal-B,SYN-MEAS-0089,1.73416,2.36255,1.69614583,0.16679257,0.0397439,0.0012109,0.0200854,0.0014092,0.0074614,0.0004817,0.0088076,0.0007088,0.0105857,0.0004642,28.53123,1.59211,60.62883,2.53092,63.68812,1.41849,0.0172018,0.0014704,14.62393,29.33287,22667.56319,331.48891,12.26338,0.8000004,920.65604,16.82951,0.6226,2.978427,3.3659,0.12452,0.595685,273311803100.15,5,1.0,0.0006226,0.023005795,0.16245932,260.934935,0.45059724,0.027035834,0.39537022,4.8673133,0.5053722,0.2216085,2.883646
90,SYN-2026-05-G10,Synthetic Aluminum 6082,SYN-Laser-A,Generated example for database and UI testing.,Synthetic measurement result.,1030,0.8171,0.4155,20.7742,0.874821,3.499284,4,1.65948,linear-x,automatic,422.108,SYN-Scanner-Z,254.0,18.66398,1062.48142,cross-hatch,10.55771,4.83968,2.220262,57.11977,13.93476,30.84019,2,27.13622,-4.56553,SYN-Confocal-B,SYN-MEAS-0090,1.09848,0.65173,0.38786433,0.06444367,0.0266196,0.0004348,0.0168403,0.0013114,0.0049333,0.0003846,0.0070121,0.0006302,0.0099517,0.0005138,33.02672,2.34864,65.33337,0.93104,67.55358,2.78331,0.0142303,0.0004637,16.97534,18.69094,16836.69177,285.80863,26.04134,0.7500015,857.31986,19.40436,1.76802,2.537962,4.85109,0.44201,0.63449,266351635391.42,2,1.0,0.00088401,0.00498453,0.0487762,55.176044,0.08889823,0.005333894,0.09054468,9.2816458,0.6326254,0.2634181,2.609911
91,SYN-2026-05-G11,Synthetic Titanium Grade 2,SYN-Laser-A,Synthetic parameter sweep; no real experiment.,Synthetic quality check completed.,1030,0.6959,0.7758,38.7895,1.934518,1.934518,1,2.00728,linear-x,fixed,616.841,SYN-Scanner-Z,100.0,16.94557,875.84036,cross-hatch,10.38616,2.77336,1.53923,362.35623,10.96818,34.32438,7,45.01941,2.16141,SYN-Confocal-B,SYN-MEAS-0091,3.56812,0.79571,1.3382643,0.22584485,0.0445134,0.000381,0.0242247,0.001694,0.0126175,0.0006215,0.0188948,0.0007543,0.0213406,0.0010707,58.30674,0.92862,77.34303,1.46368,77.92859,2.2538,0.0202981,0.0005884,26.99354,18.33858,23828.24501,643.20875,60.87945,3.9e-06,0.00201,13.95363,1.32071,0.795666,13.95363,1.32071,0.795666,657959323594.13,7,1.0,0.00924494,0.018165044,0.09009017,9.744811,0.05634504,0.003380702,0.09125714,1.4470762,0.5442119,0.4244756,3.926653
92,SYN-2026-05-G12,Synthetic Silicon,SYN-Laser-A,Generated example for database and UI testing.,Synthetic measurement result.,1030,0.865,0.6861,34.3066,0.179667,1.257666,7,7.82505,circular,fixed,-239.353,SYN-Scanner-X,160.0,19.08988,1111.52465,unidirectional,8.0785,10.27063,0.426235,282.17185,27.05609,60.13006,7,32.93264,-3.84505,SYN-Confocal-B,SYN-MEAS-0092,3.16373,2.22374,4.3918021,0.50232206,0.0325042,0.0009588,0.023403,0.0021715,0.0095365,0.0003624,0.0120455,0.0008633,0.0158398,0.001202,47.93545,2.2609,48.79437,2.74662,48.46638,1.30903,0.0211523,0.0014368,29.67607,19.6954,92415.70934,2742.53464,225.04666,0.8571443,4770.75049,165.17302,13.55375,2.372367,23.59615,1.93625,0.33891,247442456348.98,7,1.0,0.01355375,0.060676318,0.10447038,7.707857,0.04059765,0.002435859,0.07228672,0.9884786,0.72,0.3705837,2.250755
93,SYN-2026-05-G13,Synthetic Titanium Grade 2,SYN-Laser-A,Artificial record created for public demonstration.,Artificial profile used for visualization testing.,1030,0.8509,0.5831,29.1542,0.254879,1.529271,6,3.90318,elliptical,manual,-764.256,SYN-Scanner-Y,254.0,39.94024,4865.57203,cross-hatch,14.34542,2.93588,2.985636,1211.06943,73.29129,106.4768,6,169.49272,21.20005,SYN-Confocal-B,SYN-MEAS-0093,2.73193,1.98275,0.46492154,0.03201799,0.171952,0.0033405,0.02217,0.0022474,0.0461382,0.0012754,0.0800703,0.0050081,0.1139087,0.0051359,68.31494,1.42188,76.31519,0.71011,73.98881,1.19757,0.0176105,0.0005684,24.80788,41.15888,27571.25787,683.98447,12.85196,0.8333343,3269.53523,97.33217,1.82886,11.713958,16.22203,0.30481,1.952326,78092488296.86,6,1.0,0.00182886,0.005499185,0.02176184,11.899157,0.19195319,0.011517191,0.28571711,21.8821151,0.1289316,0.4656548,4.559542
94,SYN-2026-05-G14,Synthetic Copper C110,SYN-Laser-C,Generated example for database and UI testing.,Artificial profile used for visualization testing.,1064,0.869,0.9301,74.4081,0.058026,0.348158,6,16.73959,circular,automatic,-633.932,SYN-Scanner-X,100.0,21.83004,1407.07474,unidirectional,5.73868,10.05498,1.2239,-544.61142,12.0428,37.06501,5,48.50129,7.04729,SYN-Confocal-B,SYN-MEAS-0094,3.1097,2.71349,3.92081628,0.92445417,0.0495787,0.0012558,0.0356967,0.001999,0.0139755,0.0007885,0.0165914,0.0012543,0.0202802,0.0011914,58.93887,2.77005,39.6666,1.85615,42.75463,0.95589,0.0274711,0.0018973,64.65694,23.40817,38251.76779,2473.24238,143.67527,0.8333343,14361.29235,1114.26742,64.72988,21.092116,185.71124,10.78831,3.515353,644478959347.48,5,1.0,0.05394156,0.084596219,0.29321637,5.435815,0.06684154,0.004010493,0.25930619,1.768702,0.72,0.3346465,8.225581
95,SYN-2026-05-G15,Synthetic Nickel Alloy 625,SYN-Laser-C,Artificial record created for public demonstration.,Generated analysis values; not laboratory data.,1064,0.7777,0.4104,32.8351,0.409041,2.045203,5,16.73178,elliptical,fixed,718.029,SYN-Scanner-Y,160.0,20.53473,1245.04799,unidirectional,14.14624,5.79627,0.941646,211.36984,17.61089,38.11785,2,44.85769,-2.02043,SYN-Profilometer-A,SYN-MEAS-0095,3.31081,2.48805,3.2030816,0.65137054,0.0464619,0.0011568,0.0196675,0.001436,0.0144566,0.0008956,0.0206737,0.0011556,0.0299462,0.0025958,69.61017,1.82362,37.82919,2.41278,33.9716,2.93211,0.0142991,0.0008995,25.53518,20.82854,44238.5997,1129.64047,82.88436,0.8000068,1955.81298,62.427,4.58041,2.302084,12.4854,0.91608,0.460417,54751085176.74,2,1.0,0.00183217,0.049097778,0.29939348,163.409585,0.19443404,0.011666043,0.29789446,4.9749658,0.4233039,0.44496,5.368434
96,SYN-2026-05-G16,Synthetic Nickel Alloy 625,SYN-Laser-C,Synthetic scan sequence with controlled variation.,Artificial profile used for visualization testing.,1064,0.8931,0.8494,67.9539,1.112681,1.112681,1,18.11161,elliptical,fixed,700.443,SYN-Scanner-Y,160.0,34.18851,3451.18788,bidirectional,16.59482,7.67803,1.170728,-1442.50234,66.34723,76.99953,6,73.71667,-3.39245,SYN-Profilometer-A,SYN-MEAS-0096,3.78419,2.22366,3.88339182,0.46658306,0.0713629,0.0008634,0.0393359,0.002899,0.0190652,0.0009493,0.0296288,0.0011418,0.0377492,0.0019425,62.53001,1.66073,43.53806,3.09864,43.58924,1.29133,0.0361208,0.0028238,60.6881,37.05475,63302.07407,3841.68256,89.06024,2.02e-05,0.01811,54.54222,1.26443,1.052168,54.54222,1.26443,1.052168,69813276239.31,6,1.0,0.00758659,0.121374674,0.15876494,20.927059,0.20320284,0.012192171,0.73991966,7.7674547,0.5512089,0.4151854,3.215103
97,SYN-2026-05-G17,Synthetic Stainless Steel 316L,SYN-Laser-B,Synthetic parameter sweep; no real experiment.,Synthetic measurement result.,515,0.7922,0.7171,17.9284,0.576424,2.305695,4,3.08578,circular,fixed,846.482,SYN-Scanner-Y,160.0,37.06427,8380.18317,cross-hatch,3.63052,1.88148,0.267315,1051.82359,80.43844,105.95577,8,190.75921,-33.65098,SYN-Confocal-B,SYN-MEAS-0097,0.76309,1.56042,0.08903463,0.01641014,0.188884,0.0032804,0.0216498,0.0012508,0.0531582,0.0045791,0.0803423,0.0044885,0.098665,0.0087959,54.46623,1.91262,38.89631,1.44354,42.80396,3.24382,0.0176948,0.0007507,14.20251,37.35507,279483.50346,3969.36758,90.54662,0.7500018,1301.12907,24.63901,0.56205,0.463747,6.15975,0.14051,0.115937,45535364451.45,8,0.928787,0.00104405,0.001396173,0.02554943,22.728827,0.03868148,0.002320889,0.03296245,1.6126804,0.1146198,0.4253525,3.955071
98,SYN-2026-05-G18,Synthetic Copper C110,SYN-Laser-C,Artificial record created for public demonstration.,Generated analysis values; not laboratory data.,1064,0.7236,0.51,40.7963,1.473295,1.473295,1,16.57562,linear-x,manual,572.112,SYN-Scanner-Z,100.0,33.32918,3279.87707,bidirectional,10.21554,7.7105,1.021287,1433.28147,72.8972,87.7148,8,92.8327,-15.1439,SYN-Microscope-C,SYN-MEAS-0098,2.20817,0.9746,0.49413704,0.04114742,0.0892269,0.0023399,0.0295936,0.0019255,0.0294768,0.0019402,0.0346262,0.0022299,0.0427367,0.0025012,42.6283,0.64035,75.22005,1.77245,80.04237,2.47952,0.0278626,0.0009702,29.51883,36.37254,71228.83986,2102.59175,50.58919,2.44e-05,0.01658,20.03593,0.48207,0.693199,20.03593,0.48207,0.693199,29083220417.12,8,0.997913,0.00384853,0.007976217,0.01265795,3.282169,0.0319244,0.001915464,0.05654226,5.5836725,0.3316669,0.3880687,1.731038
99,SYN-2026-05-G19,Synthetic Stainless Steel 316L,SYN-Laser-B,Generated example for database and UI testing.,Synthetic quality check completed.,515,0.6755,0.8794,21.9849,0.750949,3.003796,4,2.91546,circular,fixed,-724.271,SYN-Scanner-Z,254.0,46.16584,13001.22239,cross-hatch,3.03398,4.12145,0.514364,3601.34641,33.61662,41.91874,4,68.89542,1.58591,SYN-Profilometer-A,SYN-MEAS-0099,2.37825,0.6811,0.24692527,0.02388899,0.0691147,0.0007579,0.0150747,0.0012128,0.0260458,0.000716,0.0311534,0.0020739,0.0353209,0.0021603,35.19415,1.50248,60.75487,2.82458,56.42081,1.35402,0.0121982,0.000973,14.85104,47.90425,186266.12312,2766.24577,38.37009,0.7500022,998.73917,19.77636,0.27431,0.684951,4.94409,0.06858,0.171238,23522388455.72,4,1.0,0.00027431,0.002838154,0.05674309,206.854277,0.06606635,0.003963981,0.05886925,2.5936746,0.2181108,0.4507489,2.876487
100,SYN-2026-05-G20,Synthetic Aluminum 6082,SYN-Laser-B,Artificial record created for public demonstration.,Synthetic quality check completed.,515,0.8254,0.8287,20.7183,0.152868,0.305735,2,1.29039,elliptical,fixed,515.512,SYN-Scanner-Z,254.0,31.60075,6091.683,unidirectional,7.42223,4.56327,0.703451,-409.04566,26.49991,79.15531,8,35.32051,4.80089,SYN-Confocal-B,SYN-MEAS-0100,2.59975,2.39628,3.46140823,0.71367697,0.0340235,0.0004321,0.0244969,0.001192,0.0114713,0.0005182,0.0155601,0.000556,0.0186043,0.0013543,39.12114,2.10013,41.28488,1.58555,46.07365,1.99689,0.0201933,0.0005116,17.10097,31.67191,90047.26873,1539.8956,48.86445,0.5000002,3270.80333,111.86777,3.54982,4.601696,55.93389,1.77491,2.300848,1375484536440.74,8,1.0,0.01419929,0.062085946,0.22913558,16.137114,0.24977548,0.014986529,0.25628418,1.3981033,0.72,0.4573349,4.303596
101,SYN-2026-06-G01,Synthetic Copper C110,SYN-Laser-B,Generated example for database and UI testing.,Artificial profile used for visualization testing.,515,0.6743,0.2637,6.5935,0.263417,2.107338,8,1.83537,linear-x,manual,-333.829,SYN-Scanner-X,160.0,13.15038,1054.91987,unidirectional,14.08291,2.82564,0.669202,-578.13225,26.80378,46.94944,3,28.12826,2.60199,SYN-Confocal-B,SYN-MEAS-0101,2.55646,2.69603,1.68216901,0.37813766,0.0291582,0.0006852,0.007823,0.000822,0.0076418,0.0006587,0.012888,0.0011348,0.0141741,0.001193,49.56593,1.86466,58.40674,2.93966,60.16925,1.95406,0.0066619,0.0001522,4.44631,14.99571,44816.68373,199.2687,28.20687,0.8750005,3321.72779,16.87933,2.3893,2.540465,2.10992,0.29866,0.317558,162726278794.71,3,1.0,0.00089599,0.007534282,0.06311192,70.438352,0.25460421,0.015276253,0.0679229,3.5874307,0.2682965,0.4420038,1.161177
102,SYN-2026-06-G02,Synthetic Nickel Alloy 625,SYN-Laser-A,Artificial record created for public demonstration.,Synthetic measurement result.,1030,0.7023,0.5685,28.423,1.478527,4.435581,3,2.02287,circular,automatic,-85.756,SYN-Scanner-X,100.0,21.21844,1373.21812,unidirectional,17.15611,6.86558,3.555336,171.23599,37.86344,55.38102,6,57.99427,2.65404,SYN-Profilometer-A,SYN-MEAS-0102,2.74894,2.85522,2.41550865,0.29275398,0.0569851,0.0018062,0.0185155,0.0010548,0.0081232,0.0006303,0.0147565,0.0010536,0.0166165,0.0005227,53.79041,2.97689,49.80598,0.58348,54.07112,3.05178,0.0156495,0.0011012,19.96237,21.38277,12028.54929,240.11832,16.71658,0.6666697,450.90123,13.50152,0.93995,2.404648,4.50051,0.31332,0.801549,154887350872.61,6,1.0,0.0018799,0.029650273,0.04195478,22.317545,0.2829242,0.016975452,0.33887022,13.4617248,0.3249188,0.2589545,2.866065
103,SYN-2026-06-G03,Synthetic Silicon,SYN-Laser-B,Synthetic scan sequence with controlled variation.,Synthetic measurement result.,515,0.8414,0.5376,13.4393,0.394551,2.367309,6,2.59511,circular,fixed,102.984,SYN-Scanner-Z,100.0,26.5416,4297.31214,unidirectional,11.12021,2.49914,3.346183,-1465.84251,56.52223,62.99831,5,54.22845,1.87963,SYN-Confocal-B,SYN-MEAS-0103,3.59175,1.27539,0.98298578,0.08312302,0.0542911,0.0015022,0.0172115,0.0010101,0.0150305,0.0011681,0.0251429,0.0012756,0.0279101,0.0022395,50.56922,0.51457,40.75241,0.86643,35.29098,0.61746,0.0151004,0.0004216,11.3074,28.04323,16761.32541,189.52697,7.67123,0.8333344,2112.1056,28.65887,1.15999,8.48098,4.77648,0.19333,1.413497,74498137138.81,5,0.99229,0.0009592,0.010323631,0.07429481,76.857585,1.24269566,0.07456174,0.84309922,22.6960464,0.317022,0.4631132,2.111065
104,SYN-2026-06-G04,Synthetic Titanium Grade 2,SYN-Laser-C,Synthetic parameter sweep; no real experiment.,Generated analysis values; not laboratory data.,1064,0.8143,0.3358,26.8665,0.42972,0.85944,2,14.8322,linear-x,automatic,286.518,SYN-Scanner-Y,254.0,37.43323,4137.35569,unidirectional,14.71439,8.54312,1.961951,1878.08675,39.35362,40.58077,1,53.9818,3.67223,SYN-Confocal-B,SYN-MEAS-0104,1.25581,1.40475,0.39074707,0.02012065,0.0529141,0.0007941,0.0175128,0.0013029,0.0153165,0.0010199,0.022345,0.0011304,0.0267541,0.0018997,44.2185,1.89814,46.8701,1.80363,42.55827,1.49742,0.0136668,0.001013,21.87813,41.10939,41906.63811,916.83887,17.26875,0.5000064,1163.56276,50.91251,0.95894,4.565649,25.45625,0.47947,2.282824,32326355258.15,1,1.0,0.00047947,0.003156358,0.02510888,52.367869,0.0886115,0.00531669,0.11631924,46.3259344,0.3309664,0.4222881,3.846024
105,SYN-2026-06-G05,Synthetic Stainless Steel 316L,SYN-Laser-B,Synthetic scan sequence with controlled variation.,Synthetic quality check completed.,515,0.6823,0.2293,5.7328,0.557368,2.229472,4,1.62109,linear-x,fixed,-600.224,SYN-Scanner-X,100.0,19.1816,2244.46239,unidirectional,16.20203,9.98223,1.307064,238.39838,30.15506,33.38224,2,35.40992,1.63205,SYN-Microscope-C,SYN-MEAS-0105,1.3068,1.99024,0.55150484,0.11056218,0.0357625,0.0008356,0.0113689,0.0008156,0.0127614,0.0009291,0.0145933,0.0012809,0.0200418,0.001126,70.08169,2.08226,43.32062,0.82427,39.37373,0.57218,0.0087575,0.0007772,3.91144,19.2895,29515.75847,115.44907,9.8764,0.7500009,1345.61142,7.01769,0.60035,2.345065,1.75442,0.15009,0.586266,92583721518.03,2,1.0,0.00030017,0.004220025,0.01304633,43.462599,0.13146465,0.007887879,0.03085295,11.8243824,0.3178991,0.4080625,2.611404
106,SYN-2026-06-G06,Synthetic Nickel Alloy 625,SYN-Laser-A,Synthetic scan sequence with controlled variation.,Synthetic measurement result.,1030,0.7392,0.8359,41.7957,1.220603,2.441206,2,5.71055,elliptical,manual,330.697,SYN-Scanner-Y,160.0,44.93833,6159.51564,unidirectional,16.99012,3.95263,1.577999,-1666.13201,94.8299,112.7973,8,144.99911,15.24406,SYN-Confocal-B,SYN-MEAS-0106,3.12301,1.52729,0.62546496,0.06189842,0.1420081,0.003897,0.0317952,0.0008618,0.0430357,0.0038359,0.0586782,0.0031169,0.0701741,0.0037323,71.95964,0.71251,64.88407,2.66437,60.52785,1.68796,0.0286003,0.002283,30.89361,46.55335,59003.00496,1822.81606,26.77263,0.500007,409.63928,25.31012,0.37174,1.292803,12.65506,0.18587,0.646402,32548755365.38,8,0.981829,0.00145995,0.016049754,0.02987414,20.090603,0.14470342,0.008682205,0.2682247,11.2231142,0.2238971,0.4132035,3.194919
107,SYN-2026-06-G07,Synthetic Silicon,SYN-Laser-A,Artificial record created for public demonstration.,Synthetic quality check completed.,1030,0.6725,0.7307,36.537,0.499125,1.996501,4,5.17822,linear-x,manual,551.173,SYN-Scanner-Y,160.0,22.46622,1539.47492,unidirectional,10.70806,11.91528,2.252228,-144.57166,39.1203,48.3507,3,48.0445,0.90349,SYN-Microscope-C,SYN-MEAS-0107,0.69922,2.2992,0.38512863,0.06692277,0.0476396,0.0006452,0.0198792,0.0007621,0.0150013,0.0006101,0.0193201,0.0006484,0.0265866,0.0023914,59.22062,0.63527,66.83048,1.39608,69.44653,2.12952,0.0154966,0.0009769,24.57225,22.56507,20037.99698,492.37872,30.78054,0.7500026,1502.63405,49.23063,3.0776,4.51235,12.30766,0.7694,1.128087,148584002080.99,3,1.0,0.0023082,0.004627929,0.01209068,5.238139,0.0433531,0.002601186,0.063917,17.6215666,0.4172834,0.4055465,4.38262
108,SYN-2026-06-G08,Synthetic Silicon,SYN-Laser-C,Generated example for database and UI testing.,Synthetic quality check completed.,1064,0.8229,0.796,63.6828,0.247233,0.494465,2,5.54825,circular,manual,-719.508,SYN-Scanner-Y,254.0,42.43954,5318.01603,bidirectional,8.8965,6.76756,1.757485,-1941.95305,53.23131,131.93173,5,49.09876,-4.91181,SYN-Profilometer-A,SYN-MEAS-0108,3.60241,2.85052,6.41400185,0.9775174,0.0510381,0.0016971,0.0350888,0.001716,0.0125321,0.0010964,0.0147536,0.0006436,0.0198154,0.0006264,53.75067,1.06983,65.29083,2.30437,62.43284,1.96036,0.0300234,0.002373,52.40619,45.18058,51415.03778,2694.46608,42.01643,0.5000014,2022.39277,211.97121,3.30539,7.108631,105.9856,1.6527,3.554316,297877017465.19,5,1.0,0.00826349,0.162434097,0.53958015,65.296914,0.96323489,0.057794093,3.02876805,11.226388,0.6875016,0.2890708,5.065345
109,SYN-2026-06-G09,Synthetic Aluminum 6082,SYN-Laser-B,Synthetic parameter sweep; no real experiment.,Generated analysis values; not laboratory data.,515,0.8357,0.5106,12.7645,0.240282,1.201411,5,3.19744,linear-y,fixed,69.891,SYN-Scanner-Z,100.0,29.17569,5192.59924,cross-hatch,4.04504,4.39494,0.547577,-1997.49795,53.67769,83.29148,5,52.77314,-8.22577,SYN-Profilometer-A,SYN-MEAS-0109,1.67899,1.27832,0.42547073,0.03870375,0.0533444,0.0004727,0.0130177,0.000435,0.0115695,0.0003506,0.0151869,0.0007481,0.0196426,0.0005559,37.77995,1.68948,58.82413,1.79188,61.33924,2.99891,0.011108,0.000321,10.66724,31.25995,114175.5605,1217.93776,39.67334,0.8000008,3329.42251,44.39463,1.44612,2.278891,8.87893,0.28922,0.455778,90454915202.18,5,1.0,0.00144612,0.00395433,0.04448637,30.762587,0.12257839,0.007354703,0.07845437,3.5271195,0.2440312,0.2846964,1.90964
110,SYN-2026-06-G10,Synthetic Copper C110,SYN-Laser-B,Synthetic parameter sweep; no real experiment.,Generated analysis values; not laboratory data.,515,0.7257,0.3145,7.8637,0.463542,2.781251,6,0.70193,linear-x,manual,138.49,SYN-Scanner-X,160.0,19.81853,2395.99311,bidirectional,16.33075,9.05531,1.020493,117.08833,11.79856,23.34736,4,27.36824,3.72989,SYN-Confocal-B,SYN-MEAS-0110,2.46696,0.88372,0.55946973,0.08509999,0.0273037,0.0002883,0.0104736,0.0011397,0.0047285,0.0003027,0.0080913,0.000288,0.011235,0.0007349,47.17547,1.73703,71.54698,2.53532,66.87622,2.56404,0.0088238,0.0005333,5.70685,19.84218,38887.45631,221.92505,17.94228,0.8333337,1797.75273,12.31141,0.99536,2.201511,2.0519,0.16589,0.366919,236339453221.98,4,1.0,0.00066357,0.004762253,0.00805088,12.132643,0.01698578,0.001019147,0.00581612,1.8060515,0.3835965,0.2963438,1.649815
111,SYN-2026-06-G11,Synthetic Silicon,SYN-Laser-B,Synthetic scan sequence with controlled variation.,Generated analysis values; not laboratory data.,515,0.7588,0.8677,21.6921,0.6102,3.051001,5,2.77589,circular,manual,-699.816,SYN-Scanner-Z,254.0,21.60673,2847.87417,cross-hatch,7.51582,7.94815,3.279545,-362.51197,22.4851,49.54661,6,46.70455,-4.08465,SYN-Microscope-C,SYN-MEAS-0111,1.56942,0.62989,0.27499559,0.01177113,0.0467124,0.0010757,0.0220262,0.0020156,0.0110909,0.0009429,0.0178004,0.0006596,0.0255606,0.0010002,33.02057,2.61509,71.00909,1.31418,76.30863,2.18545,0.0174998,0.0013967,16.45958,21.78108,13282.98978,218.63238,14.66918,0.8000017,1311.04804,26.97406,1.80983,5.374539,5.39481,0.36197,1.074908,130396262705.04,6,1.0,0.0021718,0.003259213,0.00909324,4.186969,0.04073881,0.002444329,0.04023262,7.3740871,0.4715284,0.3810639,4.526405
112,SYN-2026-06-G12,Synthetic Copper C110,SYN-Laser-A,Synthetic parameter sweep; no real experiment.,Artificial profile used for visualization testing.,1030,0.6931,0.8213,41.0642,0.432556,1.730224,4,2.20624,elliptical,automatic,810.584,SYN-Scanner-Z,254.0,27.69184,2338.92433,unidirectional,5.21617,6.94882,2.596593,-537.13571,58.33547,69.55922,6,124.9473,10.66018,SYN-Profilometer-A,SYN-MEAS-0112,2.28232,2.18097,0.86571594,0.04868898,0.1203529,0.0042064,0.027414,0.0012199,0.0458752,0.0019332,0.0541599,0.0041284,0.068192,0.0050465,48.21193,2.98515,69.53674,3.39174,67.23762,2.96644,0.0225232,0.0015159,28.46152,28.41268,21884.58256,622.86849,24.55964,0.750001,1733.88198,65.79847,2.59443,6.002908,16.44962,0.64861,1.500727,293987517322.35,6,0.974113,0.0037909,0.01876828,0.08630002,22.17574,0.45929257,0.027557554,0.78432989,15.1473488,0.2277798,0.450009,4.890755
113,SYN-2026-06-G13,Synthetic Silicon,SYN-Laser-C,Synthetic parameter sweep; no real experiment.,Synthetic measurement result.,1064,0.7648,0.4086,32.6905,0.870129,1.740258,2,17.55339,circular,fixed,-54.095,SYN-Scanner-Y,254.0,38.49963,4376.44344,cross-hatch,9.05322,1.92514,0.997755,1307.98249,58.96754,108.95313,7,137.03913,-1.02127,SYN-Microscope-C,SYN-MEAS-0113,3.38458,1.54505,0.5569892,0.13066697,0.1384282,0.0014811,0.0253418,0.002776,0.0439695,0.0014342,0.0593004,0.0051024,0.0857083,0.0042994,67.40426,2.10501,48.07564,2.62059,45.05379,3.2311,0.0196115,0.0005498,25.00172,40.1823,80545.4345,2013.77473,39.70008,0.5000153,574.64493,28.73335,0.56646,1.146675,14.36668,0.28323,0.573337,16135258128.55,7,1.0,0.0019826,0.011399064,0.09343416,47.127112,0.21987334,0.0131924,0.32983275,5.0430127,0.1830681,0.4283835,5.730307
114,SYN-2026-06-G14,Synthetic Stainless Steel 316L,SYN-Laser-A,Synthetic scan sequence with controlled variation.,Artificial profile used for visualization testing.,1030,0.8387,0.7705,38.5261,0.277714,0.833141,3,2.83346,linear-x,fixed,319.486,SYN-Scanner-Y,160.0,32.67951,3257.3439,cross-hatch,4.52893,3.78536,2.010648,-468.83972,58.49537,70.40804,7,115.96905,-11.92867,SYN-Microscope-C,SYN-MEAS-0114,3.21105,0.59948,0.44989253,0.07719083,0.1135232,0.0014484,0.032149,0.0028733,0.0338244,0.0020251,0.0432484,0.0037761,0.0537784,0.0020313,40.57429,2.4866,48.00429,2.23256,43.12095,1.00619,0.0264878,0.0023183,32.31299,33.01628,32841.43331,1061.20495,30.98797,0.6666675,2400.55581,116.35357,3.39761,7.24,38.78452,1.13254,2.413333,399701394085.74,7,1.0,0.00792776,0.006902697,0.05751985,7.255499,0.20936208,0.012561725,0.4059069,10.0811636,0.2831929,0.3809656,5.66121
115,SYN-2026-06-G15,Synthetic Nickel Alloy 625,SYN-Laser-B,Synthetic scan sequence with controlled variation.,Synthetic quality check completed.,515,0.8255,0.3293,8.2324,0.710108,3.550538,5,0.63603,linear-x,manual,-461.376,SYN-Scanner-Z,254.0,40.50101,10006.32159,unidirectional,9.36703,2.40895,2.668337,5313.73074,75.83861,98.789,4,112.98799,-18.16963,SYN-Confocal-B,SYN-MEAS-0115,0.77439,0.69676,0.05254629,0.00301519,0.1139292,0.0019842,0.0116923,0.0006987,0.0420114,0.001834,0.0506232,0.0014091,0.0701274,0.0027346,71.98857,2.25282,64.14361,2.76919,67.9372,1.51301,0.0088851,0.0004787,6.79564,45.85746,34371.56844,233.5767,3.53557,0.8000005,1126.59056,9.56987,0.14486,3.757652,1.91397,0.02897,0.75153,45549684454.38,4,1.0,0.00011588,0.000344102,0.00381239,32.898089,0.11352661,0.006811596,0.04628914,30.354447,0.1026276,0.444339,2.807163
116,SYN-2026-06-G16,Synthetic Nickel Alloy 625,SYN-Laser-A,Synthetic parameter sweep; no real experiment.,Synthetic measurement result.,1030,0.8975,0.2847,14.2375,0.183746,1.28622,7,1.8368,circular,manual,-700.329,SYN-Scanner-Z,100.0,15.74579,756.20892,cross-hatch,14.62999,1.84905,0.205866,-3.88746,17.70741,30.93569,6,51.13817,6.70281,SYN-Profilometer-A,SYN-MEAS-0116,1.57304,0.9102,0.23760253,0.04816749,0.0492975,0.0016791,0.0146289,0.0010962,0.0093673,0.0006033,0.0119376,0.0005425,0.0140062,0.0005998,30.17459,1.99788,51.05055,2.29803,47.64673,1.61727,0.0119612,0.0006859,12.77786,15.746,152973.52598,1954.67354,250.948,0.8571432,4664.83491,69.54099,8.92792,1.120384,9.93443,1.27542,0.160055,694367820571.77,6,1.0,0.0076525,0.002166805,0.01334983,1.744504,0.00380852,0.000228511,0.00291989,0.3645348,0.2967464,0.242155,2.667683
117,SYN-2026-06-G17,Synthetic Titanium Grade 2,SYN-Laser-A,Synthetic scan sequence with controlled variation.,Synthetic quality check completed.,1030,0.7874,0.5969,29.8474,0.535557,4.284456,8,3.89424,linear-x,fixed,249.566,SYN-Scanner-Y,160.0,32.69991,3261.41294,cross-hatch,5.36083,7.17748,2.972119,1652.06973,37.82494,55.98915,3,51.7951,5.09699,SYN-Microscope-C,SYN-MEAS-0117,2.32281,1.07553,0.791718,0.09404259,0.0517835,0.0008364,0.0176737,0.0012271,0.0103837,0.0008959,0.0165184,0.0012944,0.023065,0.0011849,53.5855,0.90824,68.96048,1.33038,68.39308,1.55326,0.0162012,0.0005579,23.50098,36.6559,24666.5099,579.68726,13.7327,0.8750021,1633.81682,43.88139,1.03954,5.549585,5.48517,0.12994,0.693698,33367958563.66,3,1.0,0.00038983,0.00969941,0.08402724,215.54912,0.40195601,0.024117361,0.56678171,22.4840452,0.3413004,0.3189904,1.472554
118,SYN-2026-06-G18,Synthetic Stainless Steel 316L,SYN-Laser-A,Generated example for database and UI testing.,Synthetic quality check completed.,1030,0.7966,0.7028,35.1389,0.648853,3.244263,5,3.31014,linear-x,automatic,645.551,SYN-Scanner-X,160.0,16.10685,791.28626,bidirectional,7.29808,7.18895,0.85263,-115.30444,9.61539,44.72367,8,30.31786,-3.5303,SYN-Confocal-B,SYN-MEAS-0118,2.28641,0.66987,0.93028746,0.15950158,0.0314558,0.0009336,0.0226481,0.0006709,0.0066063,0.0002832,0.0096473,0.0004444,0.0116449,0.0009995,61.53677,1.6355,46.09685,3.25818,45.55581,1.99409,0.0187926,0.0006808,27.99058,16.27695,38180.58562,1068.69661,128.39806,0.8000021,1232.9491,43.13858,5.18286,1.314058,8.62772,1.03657,0.262812,313150514456.87,8,1.0,0.00829258,0.016015396,0.03815694,4.601334,0.01117607,0.000670564,0.01876948,0.6148775,0.72,0.306695,3.855541
119,SYN-2026-06-G19,Synthetic Copper C110,SYN-Laser-C,Artificial record created for public demonstration.,Synthetic measurement result.,1064,0.7097,0.3023,24.1829,0.531894,4.255155,8,5.66387,linear-y,automatic,456.287,SYN-Scanner-X,100.0,18.78817,1042.26252,cross-hatch,7.71105,4.61672,3.476862,445.58692,12.464,36.21328,7,33.41178,0.87632,SYN-Confocal-B,SYN-MEAS-0119,3.74155,2.2223,4.95186083,0.84652336,0.0326304,0.0010677,0.0207099,0.0007032,0.0078113,0.0005828,0.0137255,0.0011374,0.0196023,0.0008847,32.80796,1.80414,71.8721,1.66438,75.38507,2.94828,0.0175331,0.0006828,17.16363,20.43314,11753.78184,201.73761,15.38038,0.875003,1645.06895,32.26887,2.46016,6.536751,4.03361,0.30752,0.817094,54295056978.26,7,1.0,0.00215264,0.050210549,0.20148844,93.600512,0.50872822,0.030523693,0.52389749,3.714481,0.6346828,0.4206363,3.176802
120,SYN-2026-06-G20,Synthetic Aluminum 6082,SYN-Laser-B,Artificial record created for public demonstration.,Generated analysis values; not laboratory data.,515,0.8979,0.3355,8.3878,0.286257,2.290058,8,1.49107,linear-x,manual,-23.744,SYN-Scanner-Y,254.0,34.68369,7338.26106,cross-hatch,14.46359,8.77074,3.426584,2379.96959,73.65482,82.26402,1,73.83512,4.10722,SYN-Confocal-B,SYN-MEAS-0120,2.42829,1.20909,0.20477617,0.04365603,0.0749302,0.0012385,0.0063956,0.0001718,0.027418,0.0010835,0.0321708,0.0026235,0.0339169,0.0009768,48.28859,0.58728,73.62015,0.50972,70.6425,0.90795,0.0055225,0.0001653,7.53172,36.4622,21281.95204,160.28978,3.83769,0.8750004,3056.69226,26.31103,0.62994,11.970295,3.28888,0.07874,1.496287,52809907833.93,1,0.990083,7.796e-05,0.00086905,0.00685067,87.00027,0.22956254,0.013773752,0.1037401,151.4306622,0.0853538,0.4293432,0.8731
121,SYN-2026-07-G01,Synthetic Titanium Grade 2,SYN-Laser-B,Generated example for database and UI testing.,Synthetic quality check completed.,515,0.8141,0.3055,7.6369,2.312555,2.312555,1,0.57451,elliptical,fixed,210.923,SYN-Scanner-Z,100.0,27.35557,4564.93154,unidirectional,14.64178,2.65819,1.886116,-2027.96667,20.83383,25.05233,2,27.33938,-4.07984,SYN-Confocal-B,SYN-MEAS-0121,0.903,0.66533,0.17667023,0.03917675,0.0279977,0.0006443,0.0121911,0.0007544,0.0081554,0.0004333,0.0112784,0.0007559,0.012454,0.0006147,51.73904,2.81497,43.14961,2.40866,39.89327,2.49285,0.0106826,0.0008151,6.21722,29.93351,31740.9005,197.34004,7.01052,1.3e-06,0.00057,2.68846,0.09551,0.815598,2.68846,0.09551,0.815598,166240992999.2,2,1.0,0.00019102,0.001269823,0.016313,85.401466,0.103104,0.00618624,0.03846119,11.7885056,0.4354307,0.4028324,1.508416
122,SYN-2026-07-G02,Synthetic Titanium Grade 2,SYN-Laser-B,Generated example for database and UI testing.,Synthetic measurement result.,515,0.8579,0.4557,11.3935,2.259256,2.259256,1,3.75579,circular,fixed,95.27,SYN-Scanner-Z,100.0,29.61262,5349.29199,bidirectional,6.60221,4.69995,1.353856,1196.7467,31.87182,55.00803,7,61.68736,-1.8364,SYN-Microscope-C,SYN-MEAS-0122,3.16185,0.60401,0.34723243,0.0822423,0.0592863,0.0006607,0.0148141,0.0003745,0.0183096,0.0014144,0.022676,0.0007387,0.0327246,0.0027071,66.65052,1.7603,66.75957,0.62821,66.34077,1.75207,0.0136299,0.0008095,9.77502,30.34464,44826.97607,438.18471,15.14758,8.5e-06,0.00376,4.32666,0.14957,0.599249,4.32666,0.14957,0.599249,39823343705.03,7,1.0,0.00104698,0.002603358,0.01198541,11.44765,0.05290717,0.00317443,0.03103013,3.6985598,0.2498739,0.3824835,1.184225
123,SYN-2026-07-G03,Synthetic Aluminum 6082,SYN-Laser-A,Synthetic parameter sweep; no real experiment.,Artificial profile used for visualization testing.,1030,0.8255,0.671,33.5492,0.466598,3.266187,7,3.84281,circular,manual,291.87,SYN-Scanner-Y,160.0,29.65767,2682.79015,unidirectional,14.87961,6.71923,2.922834,-1116.1919,44.71044,89.57906,7,88.16482,14.16961,SYN-Profilometer-A,SYN-MEAS-0123,3.35036,1.1314,0.60776042,0.11334263,0.0895605,0.0028858,0.0235767,0.0020966,0.0223715,0.0012702,0.0255822,0.0017429,0.0355372,0.0010573,62.47576,1.74147,43.22447,3.455,39.68691,0.6751,0.0185923,0.0011324,27.69631,32.12219,21980.1667,608.76958,18.77988,0.8571447,1837.00816,59.35795,1.83113,6.264134,8.47971,0.26159,0.894876,68072470280.54,7,1.0,0.00183113,0.008132459,0.01162018,6.345913,0.05482821,0.003289693,0.09111236,11.2012432,0.263249,0.2856418,4.984452
124,SYN-2026-07-G04,Synthetic Nickel Alloy 625,SYN-Laser-B,Synthetic scan sequence with controlled variation.,Synthetic quality check completed.,515,0.8521,0.2958,7.3962,0.30347,2.124292,7,1.36369,elliptical,manual,766.645,SYN-Scanner-X,160.0,20.21609,2493.08429,cross-hatch,8.37359,4.81286,3.449373,-1336.95234,21.41515,31.74944,8,28.33457,-4.42671,SYN-Microscope-C,SYN-MEAS-0124,0.72343,1.95554,0.47058794,0.04213287,0.0287415,0.00059,0.0172239,0.0007992,0.0083705,0.0003125,0.0095482,0.0007626,0.0107445,0.0003855,38.68876,1.22082,76.39776,2.81422,75.64198,0.8399,0.0132373,0.0009119,6.30261,22.93951,13300.68408,83.82897,5.07079,0.8571433,2824.47225,20.76845,1.25628,11.36643,2.96692,0.17947,1.623776,131604815146.67,8,1.0,0.00143575,0.006279349,0.01947646,13.565392,0.22827122,0.013696273,0.08632221,5.5401624,0.5992688,0.3322107,3.986564
125,SYN-2026-07-G05,Synthetic Nickel Alloy 625,SYN-Laser-B,Generated example for database and UI testing.,Artificial profile used for visualization testing.,515,0.7465,0.7184,17.9605,0.359258,2.874064,8,3.60096,linear-y,manual,-363.144,SYN-Scanner-Z,100.0,33.37987,6796.91755,cross-hatch,14.488,3.53574,3.548514,-2844.73689,32.54766,70.83255,2,70.43918,4.46275,SYN-Microscope-C,SYN-MEAS-0125,2.22927,1.31944,0.41215949,0.09804484,0.0682695,0.0022286,0.0105728,0.0004603,0.0148838,0.0011123,0.0202846,0.0017842,0.0265499,0.0010851,38.57853,1.88108,70.5478,2.99921,68.82589,3.47757,0.0089779,0.0005315,13.40836,36.18554,20394.75604,273.46023,6.64774,0.8750013,2435.57928,37.32237,0.9073,9.877343,4.6653,0.11341,1.234668,31494921872.86,2,1.0,0.00022682,0.002025631,0.01977157,87.166944,0.17030671,0.010218403,0.13701202,34.6487535,0.1548685,0.297126,1.594881
126,SYN-2026-07-G06,Synthetic Copper C110,SYN-Laser-C,Artificial record created for public demonstration.,Artificial profile used for visualization testing.,1064,0.729,0.711,56.8796,2.652977,2.652977,1,5.96449,circular,manual,-558.787,SYN-Scanner-X,160.0,18.55477,1016.52851,cross-hatch,3.11121,10.14491,2.717137,173.34065,31.0948,48.78487,2,28.87027,-3.04249,SYN-Confocal-B,SYN-MEAS-0126,0.94668,2.5487,1.19463194,0.22662663,0.028355,0.0006295,0.0204156,0.002082,0.0100735,0.000782,0.0116425,0.0006221,0.0163121,0.0009483,38.23278,1.54342,66.29623,1.92986,70.73369,1.79205,0.0170815,0.0004296,41.46586,18.82261,13854.73564,574.49857,51.61543,1.58e-05,0.00596,15.62994,1.40426,1.024184,15.62994,1.40426,1.024184,235436744523.52,2,1.0,0.00280852,0.016673324,0.26412792,94.045154,0.53817416,0.03229045,1.33895135,25.3466457,0.72,0.4105983,3.334098
127,SYN-2026-07-G07,Synthetic Titanium Grade 2,SYN-Laser-A,Artificial record created for public demonstration.,Synthetic quality check completed.,1030,0.845,0.9738,48.69,0.121381,0.849665,7,5.29035,linear-x,automatic,548.995,SYN-Scanner-Z,100.0,24.6782,1857.54665,cross-hatch,13.48425,6.48358,1.641507,-316.0463,27.29779,41.26856,7,47.90817,1.39643,SYN-Confocal-B,SYN-MEAS-0127,3.45165,2.45286,3.6340699,0.11707397,0.0472708,0.0005559,0.034035,0.003566,0.0092741,0.0004411,0.0155423,0.0010308,0.0212827,0.0012217,69.47466,0.61041,65.28095,2.69664,60.81958,1.23761,0.0273604,0.0020875,41.14171,25.03285,30499.84653,1254.81599,63.73963,0.8571435,7061.61478,338.94784,17.2172,13.523625,48.42112,2.4596,1.931946,464921467848.12,7,1.0,0.0172172,0.095186421,0.15553758,9.033851,0.16940375,0.010164225,0.41817364,3.840814,0.72,0.3287922,6.674538
128,SYN-2026-07-G08,Synthetic Copper C110,SYN-Laser-A,Generated example for database and UI testing.,Synthetic quality check completed.,1030,0.9093,0.8822,44.112,0.400527,1.201582,3,6.59372,elliptical,manual,-90.904,SYN-Scanner-X,100.0,17.35325,918.48937,unidirectional,13.94185,7.5671,3.285336,-299.04675,30.05806,57.00499,7,55.96141,5.67234,SYN-Confocal-B,SYN-MEAS-0128,2.54247,2.78989,3.16033445,0.31259028,0.0573833,0.0019797,0.0307249,0.0009889,0.0219042,0.0009849,0.026581,0.0015509,0.0300582,0.0026007,44.63759,0.59332,62.48388,3.29908,67.82135,2.44875,0.0264051,0.0006912,40.11289,18.24986,11109.88763,445.64975,42.59169,0.6666693,1664.47865,100.15019,9.57157,8.202525,33.3834,3.19052,2.734175,483872829869.34,7,1.0,0.02233365,0.044763446,0.06061435,2.714036,0.14922177,0.008953306,0.35914303,8.4643567,0.5354327,0.4632184,4.319785
129,SYN-2026-07-G09,Synthetic Titanium Grade 2,SYN-Laser-B,Synthetic scan sequence with controlled variation.,Artificial profile used for visualization testing.,515,0.6984,0.8193,20.4819,0.653046,3.918274,6,3.0117,elliptical,fixed,-716.707,SYN-Scanner-X,100.0,16.74555,1710.57149,cross-hatch,17.6941,11.92128,2.433201,693.24446,24.25735,41.79143,5,46.49606,-3.68249,SYN-Confocal-B,SYN-MEAS-0129,1.29613,2.39444,0.92420157,0.15646735,0.0455771,0.0008315,0.0175701,0.0004825,0.0075865,0.0005574,0.0137059,0.0009566,0.0165496,0.0014557,34.28359,1.62795,53.63425,3.28857,52.20272,1.05074,0.0146121,0.0007333,14.30374,18.06847,14851.60242,212.43344,20.71239,0.8333353,1276.07514,21.90312,2.13557,3.725928,3.65052,0.35593,0.620988,118181938727.8,5,1.0,0.00177964,0.012614425,0.01196041,6.720688,0.04935348,0.002961209,0.04235635,7.0827621,0.3855027,0.3007188,2.957997
130,SYN-2026-07-G10,Synthetic Silicon,SYN-Laser-C,Artificial record created for public demonstration.,Generated analysis values; not laboratory data.,1064,0.6864,0.5939,47.5086,0.097736,0.293207,3,16.12571,linear-y,manual,552.264,SYN-Scanner-Y,254.0,43.93431,5699.22575,bidirectional,17.02757,6.44781,2.394513,360.0521,68.96503,75.60605,6,116.88793,8.42042,SYN-Confocal-B,SYN-MEAS-0130,2.96743,2.49531,1.2035594,0.11544625,0.1174541,0.0032337,0.0284619,0.0028577,0.0274414,0.0020707,0.0331687,0.0016471,0.0427413,0.0014731,57.51547,0.97634,46.89172,1.96126,42.96481,1.92422,0.0258641,0.0022716,32.60792,44.0219,36768.97853,1198.95996,19.69325,0.6666682,6821.13773,333.63389,5.48003,24.499896,111.2113,1.82668,8.166632,113277229593.14,6,1.0,0.01096006,0.025896047,0.03931128,3.586777,0.19908574,0.011945145,0.38950634,16.5137658,0.2423234,0.2823974,2.597808
131,SYN-2026-07-G11,Synthetic Silicon,SYN-Laser-A,Synthetic parameter sweep; no real experiment.,Artificial profile used for visualization testing.,1030,0.8277,0.253,12.6506,1.162018,1.162018,1,4.75931,elliptical,automatic,486.787,SYN-Scanner-Y,160.0,35.38619,3819.26807,unidirectional,14.17816,11.59912,0.541805,846.4075,34.84546,89.81912,2,83.10533,11.52854,SYN-Confocal-B,SYN-MEAS-0131,3.20723,2.13618,0.52154086,0.11987892,0.0839629,0.0011214,0.0108373,0.0006312,0.0203942,0.0009897,0.0272376,0.001324,0.037123,0.0016803,60.47655,0.51659,52.12413,1.24589,46.8813,1.01341,0.0102632,0.0004829,10.47054,36.24474,133792.47357,1400.8794,33.94384,5.5e-06,0.00476,9.01065,0.21833,0.466262,9.01065,0.21833,0.466262,45874663056.27,2,1.0,0.00043666,0.002612018,0.00794148,18.186738,0.0143193,0.000859158,0.00899585,5.663837,0.1290728,0.3244009,0.574113
132,SYN-2026-07-G12,Synthetic Aluminum 6082,SYN-Laser-C,Synthetic parameter sweep; no real experiment.,Synthetic quality check completed.,1064,0.8126,0.2821,22.5644,3.281089,3.281089,1,14.09017,elliptical,automatic,732.147,SYN-Scanner-X,100.0,13.25702,518.91997,unidirectional,6.19003,4.70076,2.495139,-3.20662,16.20653,35.10199,1,30.65905,-1.78172,SYN-Microscope-C,SYN-MEAS-0132,1.21499,2.35709,1.29985226,0.10071871,0.0302923,0.0010383,0.0176325,0.001592,0.0050686,0.0002827,0.0086193,0.0005274,0.0114612,0.0004964,63.78548,1.05078,39.71972,2.3076,39.58598,1.73698,0.0145807,0.0007078,18.33489,13.25728,10626.48552,194.83548,35.28657,4.62e-05,0.01409,5.58805,1.01205,0.76046,5.58805,1.01205,0.76046,71826616970.57,1,1.0,0.00101205,0.010515902,0.36139747,357.094657,0.79706061,0.047823636,0.8768413,24.2625187,0.5820771,0.284539,3.051736
133,SYN-2026-07-G13,Synthetic Stainless Steel 316L,SYN-Laser-A,Synthetic scan sequence with controlled variation.,Synthetic measurement result.,1030,0.7221,0.4955,24.774,1.381434,4.144301,3,2.95307,circular,automatic,-403.98,SYN-Scanner-Z,100.0,23.03335,1618.18029,unidirectional,8.77036,10.37504,1.322002,-332.71154,12.3789,61.2813,6,46.75121,-7.43608,SYN-Profilometer-A,SYN-MEAS-0133,2.65912,1.31499,1.4059884,0.12461076,0.0477924,0.001445,0.0213366,0.0016972,0.0111271,0.0005146,0.0140312,0.0010604,0.0186828,0.0010468,40.3904,1.21279,49.3674,3.36488,45.88776,2.54049,0.0154689,0.0007243,17.89037,23.51518,35575.10385,636.45184,36.63694,0.6666707,482.59342,12.95058,0.74549,0.956978,4.31686,0.2485,0.318993,84148758787.97,6,1.0,0.00149098,0.022787232,0.04173814,27.993687,0.03817929,0.002290757,0.0409825,1.6364929,0.4464438,0.2935853,5.867717
134,SYN-2026-07-G14,Synthetic Copper C110,SYN-Laser-A,Synthetic scan sequence with controlled variation.,Artificial profile used for visualization testing.,1030,0.6994,0.5185,25.9264,1.169608,3.508825,3,3.26638,elliptical,manual,434.407,SYN-Scanner-Z,100.0,15.60521,742.76616,unidirectional,4.90342,10.11581,3.075415,-227.90685,25.09729,32.83582,4,35.28116,3.15555,SYN-Confocal-B,SYN-MEAS-0134,2.8785,0.97059,0.9778778,0.14726579,0.0363411,0.0003517,0.0182322,0.0010877,0.0084931,0.000453,0.0105508,0.0003944,0.0119954,0.000776,34.94978,1.62932,51.99029,3.18732,53.42401,2.63616,0.0132419,0.0008422,18.13221,16.32329,10615.34227,192.4796,22.99426,0.6666705,569.99463,15.5028,1.85202,2.62944,5.1676,0.61734,0.87648,188997796004.15,4,1.0,0.00246936,0.011742866,0.0591854,23.967953,0.25193841,0.015116305,0.274092,11.5776865,0.501696,0.2903271,4.990242
135,SYN-2026-07-G15,Synthetic Copper C110,SYN-Laser-A,Artificial record created for public demonstration.,Generated analysis values; not laboratory data.,1030,0.6793,0.7543,37.7153,1.481787,4.445362,3,7.59897,circular,automatic,-736.982,SYN-Scanner-X,160.0,26.31752,2112.52815,cross-hatch,13.78294,6.3412,1.913569,782.22661,21.9808,76.99464,2,40.91102,4.53902,SYN-Profilometer-A,SYN-MEAS-0135,1.56351,1.07851,0.61698053,0.06829985,0.0406374,0.0003829,0.0176993,0.0006481,0.0089384,0.0003178,0.0109857,0.0006175,0.0132191,0.0009192,63.94027,1.95687,67.56093,3.14843,72.48014,1.03529,0.0132102,0.0004395,25.62146,28.06375,29331.31077,751.51093,30.37345,0.6666779,449.91469,17.29091,0.69884,1.291392,5.76364,0.23295,0.430464,30654966897.66,2,1.0,0.00046589,0.007829354,0.04479015,96.138428,0.07353031,0.004411819,0.11303723,12.6185353,0.4355427,0.2703338,4.489125
136,SYN-2026-07-G16,Synthetic Stainless Steel 316L,SYN-Laser-B,Synthetic parameter sweep; no real experiment.,Artificial profile used for visualization testing.,515,0.8154,0.2388,5.9689,0.345175,0.345175,1,2.2908,elliptical,fixed,494.723,SYN-Scanner-X,100.0,10.72444,701.60358,cross-hatch,10.1533,4.66693,3.211149,-137.82584,11.23375,26.04344,3,39.33339,-1.0949,SYN-Confocal-B,SYN-MEAS-0136,2.53475,2.91816,1.31521321,0.11506725,0.0401683,0.0012921,0.0103732,0.0007886,0.0101676,0.0003967,0.0149811,0.0012361,0.0160017,0.0014037,55.37423,0.85284,77.7647,0.75902,76.28906,2.32445,0.0089557,0.0001904,4.86674,10.92941,6807.16343,33.12873,8.82798,8e-07,0.00229,14.09936,3.75713,9.302966,14.09936,3.75713,9.302966,1640093572246.78,3,1.0,0.01127139,0.0071735,0.05046278,4.477068,0.37403968,0.022442381,0.10922134,7.2146473,0.2582437,0.372958,1.417567
137,SYN-2026-07-G17,Synthetic Copper C110,SYN-Laser-C,Synthetic parameter sweep; no real experiment.,Artificial profile used for visualization testing.,1064,0.746,0.7967,63.7393,1.715451,3.430901,2,9.17803,circular,manual,75.592,SYN-Scanner-Y,254.0,40.80493,4916.24433,cross-hatch,5.18221,7.42426,0.171915,1408.42745,49.58743,68.33445,4,96.37425,3.24195,SYN-Microscope-C,SYN-MEAS-0137,1.11548,2.70946,0.71638393,0.16432298,0.0978949,0.0033848,0.0316296,0.0030305,0.0150771,0.0007077,0.0233122,0.001942,0.0287722,0.0018122,47.68284,1.41771,37.65588,3.47425,41.52512,2.84132,0.0272924,0.0015005,47.54723,42.44641,493806.006,23479.10619,414.81054,0.5000157,291.47778,27.71705,0.48968,0.100216,13.85852,0.24484,0.050108,26676933808.13,4,1.0,0.00097937,0.010215008,0.06637594,67.774374,0.01190068,0.000714041,0.03395065,1.2787258,0.3230981,0.2381353,4.337243
138,SYN-2026-07-G18,Synthetic Copper C110,SYN-Laser-C,Artificial record created for public demonstration.,Synthetic quality check completed.,1064,0.8684,0.3934,31.4709,1.04221,3.12663,3,10.06591,linear-x,manual,-606.612,SYN-Scanner-Z,100.0,31.00102,2837.65987,bidirectional,14.95307,11.14867,0.25473,-47.37824,63.95686,68.67939,8,101.31052,-1.83806,SYN-Microscope-C,SYN-MEAS-0138,1.31706,0.89434,0.20413165,0.01913657,0.1049937,0.0019375,0.0312349,0.0010702,0.0281265,0.0018926,0.0333733,0.0018753,0.046841,0.0027006,29.99279,1.42513,42.69028,0.95077,40.62507,2.80117,0.0297574,0.0015704,27.33039,31.00535,243436.65878,6653.21786,220.29707,0.6666772,639.67646,26.22349,0.8683,0.244414,8.74116,0.28943,0.081471,28753671503.92,8,0.969571,0.002245,0.004803977,0.00360211,1.555683,0.00214723,0.000128834,0.00352108,1.2218812,0.297493,0.3178597,1.47752
139,SYN-2026-07-G19,Synthetic Stainless Steel 316L,SYN-Laser-C,Artificial record created for public demonstration.,Synthetic measurement result.,1064,0.8162,0.4541,36.3279,0.836961,4.184804,5,13.88892,linear-x,fixed,-106.712,SYN-Scanner-X,160.0,17.94146,950.43773,unidirectional,4.86061,3.07014,3.383837,-142.9018,39.29096,47.98813,2,47.04023,-1.08178,SYN-Microscope-C,SYN-MEAS-0139,3.31575,2.22771,2.25858535,0.15034944,0.047531,0.0008785,0.0218069,0.0018412,0.0152071,0.0005773,0.019512,0.0007417,0.025074,0.0013479,69.3231,2.18153,60.15952,2.8178,60.18341,1.46722,0.0182919,0.001203,29.64933,18.14312,10723.39867,317.94157,30.74493,0.8000116,955.85326,35.42499,3.4256,4.043006,7.085,0.68512,0.808601,49328458804.06,2,0.923526,0.00126545,0.026860838,0.89999643,656.81754,4.03578517,0.24214711,7.17949913,39.8862645,0.4587935,0.4105109,3.515037
140,SYN-2026-07-G20,Synthetic Copper C110,SYN-Laser-C,Synthetic scan sequence with controlled variation.,Artificial profile used for visualization testing.,1064,0.7322,0.5506,44.0463,0.715715,3.578574,5,8.71221,linear-x,manual,369.408,SYN-Scanner-X,100.0,12.71876,477.63647,unidirectional,17.39175,2.90092,1.404886,-92.97841,10.7815,34.35998,7,52.76643,5.96948,SYN-Profilometer-A,SYN-MEAS-0140,3.92135,2.40459,3.60661193,0.80299724,0.0538222,0.0005151,0.0301138,0.0020363,0.0144361,0.0007217,0.0213438,0.0012717,0.0288299,0.0017675,64.6161,0.75736,53.98783,3.01374,49.6312,0.80939,0.0251525,0.0016888,32.25051,12.9575,18446.32898,594.9036,112.78583,0.8000062,1117.77247,45.06057,8.54289,1.962914,9.01211,1.70858,0.392583,196112900754.01,7,1.0,0.01196004,0.070822542,0.20053676,16.76723,0.09418415,0.005651049,0.18224924,1.2982959,0.5595056,0.3965624,4.96128
141,SYN-2026-08-G01,Synthetic Stainless Steel 316L,SYN-Laser-B,Synthetic parameter sweep; no real experiment.,Generated analysis values; not laboratory data.,515,0.6967,0.4384,10.9597,1.487972,4.463916,3,1.43655,linear-y,automatic,-476.106,SYN-Scanner-Y,254.0,44.87047,12281.85055,bidirectional,17.42739,7.22582,2.132192,-5839.02787,27.58835,86.21351,8,65.52377,-3.62049,SYN-Profilometer-A,SYN-MEAS-0141,0.84627,2.39838,0.45535727,0.01912196,0.0641026,0.0009684,0.0205858,0.0009546,0.0185687,0.0015779,0.0244448,0.001179,0.0299963,0.0013609,56.82642,2.35111,56.72628,1.30361,56.39903,2.21862,0.0189349,0.0016262,7.63513,49.68325,46602.97161,355.81973,4.58839,0.6666688,448.0385,5.13123,0.06617,1.432952,1.71041,0.02206,0.477651,15353594315.36,8,1.0,0.00017645,0.007180434,0.00712756,40.394327,0.05491318,0.003294791,0.02515615,4.4117748,0.3211379,0.3813385,1.65088
142,SYN-2026-08-G02,Synthetic Silicon,SYN-Laser-C,Generated example for database and UI testing.,Synthetic measurement result.,1064,0.7648,0.6718,53.7408,1.332375,3.997126,3,12.75502,linear-y,manual,-466.485,SYN-Scanner-Z,100.0,19.16954,1085.00464,bidirectional,7.44917,1.65065,2.922493,-215.78584,42.2712,53.8323,2,42.62161,-2.4844,SYN-Profilometer-A,SYN-MEAS-0142,2.59333,0.75679,1.13458458,0.21411522,0.0417029,0.0005854,0.0269913,0.0013212,0.0099145,0.0003907,0.0123373,0.0003236,0.0169538,0.0009109,68.18246,2.76109,74.93715,1.46249,75.91392,2.43674,0.0204895,0.001105,41.09853,19.54497,13375.54559,549.71523,45.80552,0.6666837,500.37228,30.84606,2.57028,2.193446,10.28202,0.85676,0.731149,67170324156.9,2,0.924742,0.00158456,0.019390695,0.78849738,460.163113,2.37012961,0.142207777,5.84453023,37.06119,0.6472292,0.2958373,6.501862
143,SYN-2026-08-G03,Synthetic Titanium Grade 2,SYN-Laser-C,Generated example for database and UI testing.,Artificial profile used for visualization testing.,1064,0.866,0.4843,38.7446,0.630428,3.782566,6,17.3444,linear-x,automatic,-772.745,SYN-Scanner-Y,160.0,40.99191,4961.40468,unidirectional,9.79022,7.89512,3.37177,1179.83073,35.88491,117.92326,2,50.93054,-7.45249,SYN-Microscope-C,SYN-MEAS-0143,3.6675,1.08671,1.54780885,0.26404726,0.0507881,0.0013887,0.0263551,0.0027951,0.0092044,0.0005952,0.0148545,0.0003922,0.0198928,0.0013819,67.50034,1.60945,71.11061,1.82614,70.33347,1.70956,0.0191752,0.00133,33.55093,42.13502,24992.82017,838.53234,15.03431,0.8333443,1321.87135,53.21932,0.95419,5.348385,8.86989,0.15903,0.891397,9169014297.13,2,1.0,0.00031806,0.025650087,0.16592354,521.670375,0.59837469,0.035902482,1.20456162,36.2986953,0.5189218,0.29248,7.179828
144,SYN-2026-08-G04,Synthetic Stainless Steel 316L,SYN-Laser-A,Artificial record created for public demonstration.,Synthetic quality check completed.,1030,0.9188,0.8897,44.4836,0.659487,3.956919,6,2.89765,elliptical,automatic,372.182,SYN-Scanner-Z,254.0,21.46308,1405.06562,bidirectional,4.2816,5.49246,3.180827,140.54699,35.29841,57.06629,2,64.08659,10.6249,SYN-Microscope-C,SYN-MEAS-0144,2.48419,2.81991,2.27023963,0.08276817,0.0656064,0.0007887,0.0280309,0.0017663,0.019233,0.0008301,0.02256,0.0016863,0.0288066,0.0009914,50.26212,1.69002,52.64789,3.41461,48.31539,3.23771,0.0269007,0.0006832,40.86965,21.57019,13562.62878,554.29991,37.92164,0.8333352,1263.61217,61.97192,4.23972,4.823187,10.32865,0.70662,0.803864,243859378390.15,2,1.0,0.00141324,0.052171595,1.10925603,784.902566,3.04737579,0.182842548,7.47271122,33.6834375,0.4272579,0.3438683,1.130161
145,SYN-2026-08-G05,Synthetic Stainless Steel 316L,SYN-Laser-C,Synthetic scan sequence with controlled variation.,Synthetic measurement result.,1064,0.8551,0.6981,55.8493,0.223396,1.78717,8,8.93082,circular,manual,-753.446,SYN-Scanner-X,100.0,12.80358,484.02835,cross-hatch,11.21522,1.59278,1.173868,226.57,25.35571,36.69723,4,30.16745,-2.54982,SYN-Profilometer-A,SYN-MEAS-0145,1.08189,1.02791,0.45675145,0.10936757,0.0294073,0.0007477,0.0211732,0.0008664,0.0060774,0.0003754,0.0076073,0.0005911,0.0106566,0.0003875,60.35788,0.85705,38.19728,2.31918,36.83426,2.8742,0.017036,0.0010829,47.7584,14.13686,24085.93717,1150.30592,183.21366,0.875002,3916.81692,213.78343,34.05011,5.254646,26.72293,4.25626,0.656831,476581637396.92,4,1.0,0.01702506,0.006122705,0.08568783,5.033043,0.05340285,0.003204171,0.15302609,4.4646391,0.72,0.2586885,4.13722
146,SYN-2026-08-G06,Synthetic Titanium Grade 2,SYN-Laser-A,Generated example for database and UI testing.,Generated analysis values; not laboratory data.,1030,0.8715,0.5721,28.6038,0.370846,1.483384,4,7.28071,circular,manual,-37.185,SYN-Scanner-Z,100.0,26.2957,2109.02715,bidirectional,9.71888,1.72572,2.95177,111.40399,25.03366,37.65267,6,39.56188,6.12233,SYN-Confocal-B,SYN-MEAS-0146,1.91142,0.76686,0.54911072,0.03226189,0.0405433,0.0007618,0.026422,0.0014181,0.0079161,0.0003082,0.0120972,0.000614,0.0161038,0.001399,38.65664,0.7258,50.25861,1.82622,48.84579,3.4572,0.0242479,0.00106,24.92857,26.33236,17841.74216,444.76908,20.41762,0.7500027,2022.40943,67.22079,3.08584,7.959555,16.8052,0.77146,1.989889,105959546874.48,6,1.0,0.00462877,0.007108081,0.07063407,15.2598,0.20937453,0.012562472,0.31316442,7.3893623,0.6516975,0.2983766,2.17407
147,SYN-2026-08-G07,Synthetic Copper C110,SYN-Laser-C,Generated example for database and UI testing.,Synthetic quality check completed.,1064,0.7157,0.791,63.2815,0.66963,4.017783,6,18.86646,linear-x,fixed,627.588,SYN-Scanner-X,160.0,26.0738,2007.32109,cross-hatch,7.39796,6.62232,3.745481,-218.38376,47.56427,78.39608,4,67.48471,11.26083,SYN-Profilometer-A,SYN-MEAS-0147,0.86954,2.05821,0.59204575,0.07783609,0.0695165,0.0019819,0.0302685,0.0020318,0.0113124,0.000452,0.0156755,0.0012195,0.0200463,0.0009547,35.0665,3.15822,75.28367,1.28265,77.89096,3.45463,0.0241762,0.0018313,45.29091,26.22765,14004.9566,634.29723,29.35109,0.833346,1244.48637,67.63568,3.12973,5.593355,11.27261,0.52162,0.932226,27648112434.01,4,1.0,0.00208649,0.009202303,0.0469585,22.505999,0.18471055,0.011082633,0.50194253,26.7226635,0.4354144,0.2254928,6.092295
148,SYN-2026-08-G08,Synthetic Titanium Grade 2,SYN-Laser-B,Synthetic scan sequence with controlled variation.,Artificial profile used for visualization testing.,515,0.8034,0.7559,18.8964,1.044236,4.176945,4,3.60678,circular,fixed,-94.74,SYN-Scanner-X,100.0,20.09741,2463.89929,unidirectional,7.23324,9.04387,2.166282,-171.07163,42.33195,57.1194,7,93.62849,-7.32887,SYN-Confocal-B,SYN-MEAS-0148,1.24243,0.79037,0.17003363,0.02607058,0.097229,0.0021944,0.0214016,0.0012543,0.0317913,0.0009219,0.0429184,0.0016322,0.0539927,0.0022644,35.00288,1.27695,57.78653,1.30496,55.14563,1.13088,0.0181775,0.0008086,15.18143,20.1458,18599.42316,282.36588,22.14591,0.7500038,718.23196,14.53831,1.14024,2.074513,3.63458,0.28506,0.518628,79034214837.87,7,0.951801,0.00189924,0.001959079,0.00427825,2.144042,0.02584265,0.001550559,0.02353971,7.8602517,0.2201157,0.4414158,3.224118
149,SYN-2026-08-G09,Synthetic Nickel Alloy 625,SYN-Laser-A,Synthetic parameter sweep; no real experiment.,Synthetic measurement result.,1030,0.707,0.765,38.2493,0.522956,2.614778,5,1.05447,elliptical,fixed,-327.186,SYN-Scanner-Z,254.0,40.75968,5067.27109,cross-hatch,7.04732,8.67522,3.133245,-2251.6179,78.31498,98.43197,5,136.85564,-14.68601,SYN-Microscope-C,SYN-MEAS-0149,2.81012,1.7463,0.58041829,0.12358021,0.1386457,0.0041871,0.022298,0.0019487,0.0341692,0.0027885,0.0578519,0.00349,0.0723719,0.00443,62.90331,1.99876,44.31285,1.05074,48.78936,0.87442,0.019345,0.0013219,27.04109,44.60239,28470.4136,769.87115,12.31833,0.8000006,1529.7675,51.7082,0.82736,5.991416,10.34164,0.16547,1.198283,156923695302.09,5,1.0,0.00082736,0.007718674,0.02525041,30.519341,0.22913076,0.013747845,0.37175679,29.4456026,0.1608273,0.4172642,2.953017
150,SYN-2026-08-G10,Synthetic Aluminum 6082,SYN-Laser-B,Synthetic scan sequence with controlled variation.,Generated analysis values; not laboratory data.,515,0.7351,0.5903,14.7563,0.406575,2.846025,7,2.70944,linear-y,automatic,-515.839,SYN-Scanner-Y,160.0,40.30584,9910.11119,unidirectional,12.91347,7.01692,0.852834,-514.17069,41.68978,50.04635,2,54.13044,7.28152,SYN-Microscope-C,SYN-MEAS-0150,1.05307,0.83149,0.12110708,0.02355824,0.0543637,0.0017669,0.0122651,0.0007731,0.0157815,0.0010953,0.021971,0.0010257,0.0260025,0.0011251,48.38739,3.13157,54.41452,2.91454,55.28788,1.25756,0.0111254,0.000688,10.84707,40.36005,94649.20663,1026.66641,20.06209,0.857144,2108.20644,26.67913,0.52134,2.097607,3.8113,0.07448,0.299658,27487810930.31,2,1.0,0.00014895,0.000943669,0.00520715,34.958243,0.01706797,0.001024078,0.01110825,10.6663426,0.2256126,0.4041486,1.139776
151,SYN-2026-08-G11,Synthetic Aluminum 6082,SYN-Laser-C,Generated example for database and UI testing.,Artificial profile used for visualization testing.,1064,0.8529,0.7153,57.2236,1.210803,3.63241,3,15.058,linear-y,automatic,-497.477,SYN-Scanner-Z,254.0,31.23121,2879.95593,cross-hatch,11.87958,2.92426,1.937397,-1166.32294,50.03869,82.8759,5,46.65071,4.98761,SYN-Microscope-C,SYN-MEAS-0151,0.72116,2.31828,0.79407443,0.14529423,0.0471012,0.000382,0.033203,0.0029609,0.0070218,0.0003858,0.0125421,0.0008761,0.0163744,0.0004846,65.61876,1.83361,56.234,1.38136,60.08947,3.06962,0.0241284,0.0008356,48.80762,33.69511,34783.903,1697.71968,47.59731,0.6666849,550.6137,40.31012,1.13014,1.600092,13.43671,0.37671,0.533364,25017383580.0,5,1.0,0.00188356,0.018009393,0.10368414,55.046924,0.20594396,0.012356638,0.60309814,11.6333736,0.7049282,0.26628,9.074594
152,SYN-2026-08-G12,Synthetic Copper C110,SYN-Laser-A,Synthetic scan sequence with controlled variation.,Synthetic measurement result.,1030,0.7658,0.6258,31.2923,0.188146,1.505165,8,6.58447,circular,automatic,725.174,SYN-Scanner-Z,254.0,36.54375,4073.22943,bidirectional,7.89791,5.48661,3.194805,1193.75265,33.62588,49.60466,2,72.63703,3.99286,SYN-Confocal-B,SYN-MEAS-0152,2.84589,0.72333,0.34593006,0.03420596,0.0724831,0.0021295,0.0161268,0.0015296,0.0272325,0.0019841,0.0324438,0.0015564,0.0391815,0.0021886,30.46603,1.9619,61.56398,0.92522,59.6482,1.99268,0.0142239,0.0006554,23.96515,38.08083,23839.21595,571.31034,12.54035,0.8750012,4650.65921,127.37552,2.79591,16.980491,15.92194,0.34949,2.122561,53077749123.02,2,1.0,0.00069898,0.003129963,0.03611542,51.668912,0.16189393,0.009713636,0.23278873,32.2284374,0.2224906,0.4476052,1.902875
153,SYN-2026-08-G13,Synthetic Aluminum 6082,SYN-Laser-A,Synthetic scan sequence with controlled variation.,Generated analysis values; not laboratory data.,1030,0.7487,0.4881,24.4034,0.473571,1.894282,4,5.30075,elliptical,manual,849.471,SYN-Scanner-Z,254.0,40.88815,5099.26366,unidirectional,7.82299,8.90519,0.17432,-500.96326,35.53046,119.26373,5,58.27398,-0.63852,SYN-Profilometer-A,SYN-MEAS-0153,1.98669,1.70907,0.69617739,0.14810471,0.0581436,0.0017815,0.0163555,0.0012659,0.0204115,0.0011396,0.0242094,0.0014947,0.0257066,0.0019561,37.22222,1.66151,69.34748,3.10874,67.36561,2.27222,0.015481,0.0004849,18.27021,41.08499,471374.14044,8612.10327,162.40262,0.7500025,1583.71867,38.5797,0.72752,0.368097,9.64492,0.18188,0.092024,34311927756.74,5,1.0,0.0009094,0.007640011,0.02193351,24.118793,0.00743555,0.000446133,0.00815094,0.7432406,0.2812942,0.4163721,0.874449
154,SYN-2026-08-G14,Synthetic Nickel Alloy 625,SYN-Laser-B,Synthetic parameter sweep; no real experiment.,Synthetic measurement result.,515,0.8547,0.5806,14.5144,1.392558,4.177673,3,1.0369,elliptical,fixed,-504.959,SYN-Scanner-Y,160.0,38.68669,9129.89496,bidirectional,10.34364,11.5672,3.071477,1272.15136,62.10719,106.80155,4,124.67,2.77163,SYN-Confocal-B,SYN-MEAS-0154,2.28298,2.64982,0.54617603,0.03262278,0.1247574,0.0033859,0.0125079,0.0009024,0.0232897,0.0018933,0.0423429,0.0032086,0.0457955,0.0016314,38.03319,1.324,58.45003,2.29918,56.20835,1.93824,0.0107524,0.0008087,12.40509,39.06044,25434.30937,315.5148,6.58257,0.6666681,478.73646,8.90813,0.18585,2.205637,2.96938,0.06195,0.735212,59745562065.77,4,1.0,0.0002478,0.004815061,0.01006097,40.601183,0.15471384,0.00928283,0.11515431,28.6141179,0.100258,0.3394021,1.755546
155,SYN-2026-08-G15,Synthetic Copper C110,SYN-Laser-A,Synthetic scan sequence with controlled variation.,Artificial profile used for visualization testing.,1030,0.8442,0.7351,36.7536,3.085158,3.085158,1,5.48074,linear-x,automatic,-345.875,SYN-Scanner-X,160.0,24.69323,1859.80892,unidirectional,15.66577,2.72087,1.326396,976.55534,25.9981,28.24662,3,40.54615,-4.44647,SYN-Microscope-C,SYN-MEAS-0155,3.38253,1.49973,1.73486407,0.31002956,0.0405257,0.0011308,0.0225987,0.0011102,0.0113564,0.0008476,0.014856,0.0005607,0.0162787,0.0013051,57.09512,0.90512,70.78732,2.02925,66.88387,3.35366,0.0180919,0.0005158,31.02802,27.89037,42054.3614,1304.86345,53.39574,1.69e-05,0.00548,10.05719,0.41155,0.429928,10.05719,0.41155,0.429928,75089434785.93,3,1.0,0.00123464,0.028675337,0.22424766,181.630392,0.2492234,0.014953404,0.46397448,6.896757,0.5576398,0.3665819,4.506828
156,SYN-2026-08-G16,Synthetic Nickel Alloy 625,SYN-Laser-B,Generated example for database and UI testing.,Synthetic measurement result.,515,0.8819,0.6684,16.7093,0.821615,1.643231,2,0.51572,linear-y,fixed,-300.397,SYN-Scanner-X,100.0,15.79739,1522.34568,bidirectional,13.26061,11.19943,2.410756,440.17245,16.76897,45.1302,8,50.03991,1.81124,SYN-Confocal-B,SYN-MEAS-0156,3.97178,2.92703,4.37300133,0.4321935,0.0517153,0.0015797,0.022729,0.0011925,0.0079554,0.0002225,0.0121962,0.0008939,0.0142239,0.0009603,36.07998,0.6093,68.80873,2.86705,64.9672,1.14587,0.0175535,0.0008693,14.73646,16.44449,13642.59554,201.04358,23.66463,0.5000004,608.5578,17.93596,2.11122,2.934167,8.96798,1.05561,1.467083,2046879625716.72,8,1.0,0.00844489,0.070521451,0.05935699,7.028744,0.1628315,0.00976989,0.1439736,3.0319429,0.439502,0.2358335,5.175438
157,SYN-2026-08-G17,Synthetic Titanium Grade 2,SYN-Laser-C,Synthetic parameter sweep; no real experiment.,Artificial profile used for visualization testing.,1064,0.7232,0.8042,64.3373,0.497207,2.983241,6,16.94691,linear-x,manual,-506.364,SYN-Scanner-X,160.0,23.49578,1630.00121,unidirectional,11.10674,3.49771,1.081785,432.20134,23.51025,27.74327,2,41.2455,6.91223,SYN-Confocal-B,SYN-MEAS-0157,3.25485,2.44964,3.94247347,0.88770302,0.041761,0.0007437,0.0272293,0.0023729,0.0138189,0.0009283,0.0190743,0.0015146,0.0227991,0.0012103,70.1132,2.8149,68.36079,2.53226,65.71143,2.44481,0.0250444,0.0019495,46.53067,24.3077,44939.9829,2091.08735,112.65083,0.8333418,1676.04665,93.58413,5.04155,2.175725,15.59736,0.84026,0.362621,49581834388.28,2,1.0,0.00168052,0.061002737,0.78514436,467.203748,0.4291495,0.02574897,1.19811674,7.6299137,0.652028,0.456748,2.184948
158,SYN-2026-08-G18,Synthetic Copper C110,SYN-Laser-A,Synthetic scan sequence with controlled variation.,Synthetic quality check completed.,1030,0.7428,0.5065,25.3232,0.47911,1.437329,3,5.34311,elliptical,automatic,689.157,SYN-Scanner-Y,160.0,22.64274,1563.76249,cross-hatch,2.80235,2.1447,2.357322,-687.45952,34.55203,39.28763,8,57.39146,-7.19348,SYN-Microscope-C,SYN-MEAS-0158,2.4398,1.55858,0.99844504,0.07943631,0.057574,0.0008532,0.0233546,0.0015817,0.0152104,0.0013417,0.0199088,0.0007767,0.0212788,0.0010604,62.80868,2.57485,71.31317,0.85307,71.51113,0.55182,0.0168789,0.0004293,18.80987,24.73418,20984.98411,394.72484,20.5376,0.6666692,1391.47515,39.26005,2.04271,4.920213,13.08668,0.6809,1.640071,127435539753.39,8,1.0,0.00544722,0.011259369,0.23417191,42.989267,1.01400808,0.060840485,1.14440166,6.1087688,0.4056444,0.3457948,6.475662
159,SYN-2026-08-G19,Synthetic Nickel Alloy 625,SYN-Laser-B,Generated example for database and UI testing.,Synthetic quality check completed.,515,0.7054,0.3907,9.768,0.634801,4.443605,7,3.34568,linear-y,automatic,-100.428,SYN-Scanner-Z,100.0,31.3608,5999.52462,bidirectional,10.97807,3.43032,0.436567,-143.24853,37.1081,91.26355,4,65.74785,7.44829,SYN-Microscope-C,SYN-MEAS-0159,2.56019,1.31741,0.56323852,0.05274451,0.0650078,0.0019618,0.0143681,0.0004371,0.0116523,0.0007438,0.0143091,0.0004384,0.020583,0.0009167,68.45566,3.00163,52.39416,1.895,49.24291,1.46342,0.012466,0.0009832,6.89016,31.36974,143710.86313,990.19084,32.02929,0.857145,1350.25823,10.85405,0.35109,0.687723,1.55058,0.05016,0.098246,14991232843.96,4,1.0,0.00020062,0.005856592,0.03887985,193.794928,0.09141453,0.005484872,0.03779164,2.4300274,0.221021,0.2201138,1.902039
160,SYN-2026-08-G20,Synthetic Titanium Grade 2,SYN-Laser-B,Synthetic parameter sweep; no real experiment.,Synthetic measurement result.,515,0.8777,0.8474,21.1859,0.474898,3.324283,7,2.1206,linear-x,automatic,127.934,SYN-Scanner-Y,160.0,27.54693,4629.01982,unidirectional,6.37433,2.73691,2.455593,442.77987,14.0032,41.00789,2,30.18523,-3.57885,SYN-Microscope-C,SYN-MEAS-0160,2.84326,0.94107,1.27332646,0.17730569,0.031121,0.0002956,0.0172249,0.0004907,0.0094918,0.0007206,0.0117916,0.0005854,0.0129551,0.0004011,50.18088,0.50433,58.59313,2.75245,59.64324,2.57298,0.0139706,0.0004864,18.59581,27.67266,22538.47472,419.12115,17.42159,0.8571439,1804.90276,39.15752,1.62766,5.170785,5.59393,0.23252,0.738684,109649309188.24,2,1.0,0.00046505,0.011758235,0.33699012,724.639248,0.62314022,0.037388413,0.69526775,10.3158477,0.5534795,0.3788962,3.254263
161,SYN-2026-09-G01,Synthetic Aluminum 6082,SYN-Laser-A,Artificial record created for public demonstration.,Generated analysis values; not laboratory data.,1030,0.8032,0.5221,26.1043,1.026288,3.078863,3,5.94311,linear-x,manual,-446.902,SYN-Scanner-X,100.0,16.69694,850.32824,bidirectional,9.3077,4.87959,3.021431,32.67481,23.2675,36.80527,6,27.22161,-0.98458,SYN-Microscope-C,SYN-MEAS-0161,2.52618,2.48558,3.11892826,0.27745817,0.0274459,0.000689,0.0197611,0.0021363,0.0052741,0.0001626,0.0093988,0.0002835,0.012463,0.0005967,71.87942,0.84034,62.9779,2.0775,68.10988,3.08033,0.0158255,0.0008199,20.96786,16.70927,11060.49971,231.91498,26.44017,0.6666728,649.59646,20.43078,2.32927,2.944039,6.81026,0.77642,0.981346,130642671858.81,6,1.0,0.00465855,0.04594078,0.16858589,36.188522,0.56523555,0.033914133,0.71110672,7.030113,0.72,0.3424489,3.935578
162,SYN-2026-09-G02,Synthetic Copper C110,SYN-Laser-C,Generated example for database and UI testing.,Generated analysis values; not laboratory data.,1064,0.7809,0.3567,28.5348,0.594292,3.565751,6,5.20494,circular,manual,253.176,SYN-Scanner-Y,160.0,38.01089,4266.03473,cross-hatch,14.56903,3.00222,1.656752,389.76392,44.89711,106.05779,1,77.03144,4.83713,SYN-Microscope-C,SYN-MEAS-0162,2.88482,2.88154,1.11140602,0.03886345,0.0778144,0.0024264,0.0144185,0.001059,0.0179774,0.0011483,0.0245374,0.0013795,0.0324696,0.0012095,37.23507,0.9962,68.31571,2.7489,69.18519,2.52385,0.0123456,0.0010375,22.28181,38.16921,46077.15066,1026.68215,22.43158,0.8333364,1402.23447,37.49304,0.81917,2.787776,6.24884,0.13653,0.464629,26230530822.48,1,1.0,0.00013653,0.008425318,0.1926253,1410.880213,0.64304127,0.038582476,0.85968726,44.6300273,0.1852932,0.3153329,2.072884
163,SYN-2026-09-G03,Synthetic Titanium Grade 2,SYN-Laser-A,Synthetic parameter sweep; no real experiment.,Generated analysis values; not laboratory data.,1030,0.919,0.8842,44.2085,0.714238,4.285428,6,2.2578,linear-x,automatic,-665.179,SYN-Scanner-Y,254.0,44.53531,6049.5284,bidirectional,6.67865,4.55456,3.660334,-530.73888,63.66446,117.83804,4,124.38864,-16.80675,SYN-Microscope-C,SYN-MEAS-0163,3.82267,2.04336,1.06702652,0.1752346,0.1259562,0.004347,0.0268883,0.001528,0.042314,0.0021323,0.0512084,0.0032574,0.0686335,0.0034317,71.56886,1.77702,70.6001,1.14268,66.99289,0.71586,0.0213859,0.0005598,40.62919,44.70637,24427.48223,992.46879,15.80623,0.8333349,1166.74694,56.88467,0.90595,5.12481,9.48078,0.15099,0.854135,66875916999.76,4,1.0,0.00060397,0.021887762,0.17988977,297.845601,1.03177755,0.061906653,2.51521708,34.9549765,0.2134732,0.4065575,5.502341
164,SYN-2026-09-G04,Synthetic Aluminum 6082,SYN-Laser-A,Generated example for database and UI testing.,Artificial profile used for visualization testing.,1030,0.8401,0.5363,26.8167,0.688471,4.130826,6,4.57478,linear-y,manual,710.77,SYN-Scanner-X,100.0,16.08476,789.11757,bidirectional,12.42885,1.55371,1.13208,363.86975,31.29285,50.93056,2,34.89964,3.80904,SYN-Profilometer-A,SYN-MEAS-0164,3.05292,0.7604,0.6448454,0.05120871,0.0355201,0.0004656,0.0168501,0.0013436,0.0052314,0.0001706,0.0078438,0.000477,0.010322,0.0003818,71.72889,0.54671,50.65198,3.17672,53.99589,2.71666,0.0129492,0.0004368,22.52796,17.71239,31291.77353,704.93994,71.52332,0.8333365,1210.4161,32.72173,3.31995,1.644339,5.45362,0.55333,0.274057,120951131510.92,2,1.0,0.00110665,0.005245654,0.13582152,122.732065,0.21358408,0.012815045,0.28869686,10.6278025,0.4743816,0.2208259,3.900823
165,SYN-2026-09-G05,Synthetic Aluminum 6082,SYN-Laser-C,Synthetic scan sequence with controlled variation.,Synthetic measurement result.,1064,0.8557,0.278,22.236,0.773095,2.319285,3,11.61889,linear-y,fixed,637.522,SYN-Scanner-Z,100.0,28.30611,2365.74869,unidirectional,9.15701,3.32435,2.437673,-1259.49543,22.24962,23.27935,8,42.1478,6.92654,SYN-Microscope-C,SYN-MEAS-0165,0.78287,1.34193,0.63481471,0.04148734,0.0406283,0.0009797,0.0265468,0.0023179,0.009776,0.0003327,0.0176597,0.0005083,0.0236929,0.0016726,51.45448,2.71208,69.8835,1.44384,65.63178,2.2696,0.0238026,0.0015693,19.02735,32.06767,26310.06993,500.61092,15.49586,0.6666756,862.34619,24.61191,0.76183,3.153134,8.20397,0.25394,1.051045,21856217217.51,8,1.0,0.00203156,0.008566911,0.03517822,17.315872,0.10027519,0.006016512,0.11447828,4.0677971,0.6534069,0.434666,2.744198
166,SYN-2026-09-G06,Synthetic Nickel Alloy 625,SYN-Laser-C,Synthetic parameter sweep; no real experiment.,Synthetic quality check completed.,1064,0.7954,0.9336,74.6865,1.529843,3.059687,2,13.85411,circular,automatic,52.128,SYN-Scanner-Y,254.0,34.49749,3513.85042,unidirectional,6.67318,7.79518,1.789365,-1826.19759,70.16452,110.11,6,133.98476,-9.36799,SYN-Microscope-C,SYN-MEAS-0166,1.99546,1.68472,0.73364104,0.03574642,0.1375109,0.0022134,0.0389619,0.0034631,0.042169,0.0031067,0.0511437,0.0029775,0.0613274,0.0022795,32.73936,1.49735,48.82915,2.82786,51.59607,0.79386,0.0336494,0.0029597,59.40808,38.87827,43454.81757,2581.56708,54.36503,0.5000212,326.84472,38.83279,0.81778,1.16964,19.41639,0.40889,0.58482,29513866121.55,6,1.0,0.00245333,0.0222432,0.07126679,29.048999,0.15061155,0.009036693,0.53685254,12.5549951,0.2833364,0.3719245,5.312496
167,SYN-2026-09-G07,Synthetic Aluminum 6082,SYN-Laser-B,Artificial record created for public demonstration.,Synthetic measurement result.,515,0.9127,0.2866,7.1643,0.408177,3.265415,8,2.99375,elliptical,manual,723.507,SYN-Scanner-Y,160.0,41.15374,10331.44805,unidirectional,11.35417,3.80309,0.308989,453.85944,88.28739,88.66662,1,93.44258,-5.92939,SYN-Confocal-B,SYN-MEAS-0167,3.77679,2.74339,0.36265746,0.07298481,0.0955346,0.0024488,0.0058864,0.0006402,0.0173924,0.0004623,0.0238652,0.001195,0.0274261,0.0012588,60.52738,3.03524,68.25834,2.07409,71.91222,2.88941,0.0051983,0.0001872,6.53887,41.19343,266633.39514,1743.48188,32.70482,0.8750012,2143.68145,16.0197,0.3005,0.756998,2.00246,0.03756,0.094625,12547090375.77,1,0.933167,3.505e-05,0.001379992,0.03195838,850.79704,0.13332877,0.007999726,0.05230919,16.3679124,0.0616152,0.2498064,0.688123
168,SYN-2026-09-G08,Synthetic Titanium Grade 2,SYN-Laser-C,Synthetic parameter sweep; no real experiment.,Synthetic measurement result.,1064,0.7555,0.7252,58.0144,2.326954,2.326954,1,17.50191,linear-x,fixed,-473.314,SYN-Scanner-Z,254.0,39.07878,4509.10389,bidirectional,6.19444,9.24477,0.68466,1403.98814,86.00545,103.62906,6,120.26995,-18.66823,SYN-Profilometer-A,SYN-MEAS-0168,1.0399,2.06834,0.47930862,0.05216147,0.1197848,0.0022088,0.0367047,0.0030359,0.0386044,0.0029545,0.0497621,0.0038002,0.0721411,0.0064895,45.80716,1.98339,55.91147,0.8512,60.93289,1.45035,0.0290777,0.0016821,43.82773,40.9293,119561.03874,5240.08871,99.56806,4.07e-05,0.0175,18.8348,0.35788,0.29423,18.8348,0.35788,0.29423,20448294902.51,6,0.951784,0.00204377,0.012334702,0.03589873,16.71804,0.0482315,0.00289389,0.12683263,5.8884451,0.3064221,0.4154287,7.627013
169,SYN-2026-09-G09,Synthetic Nickel Alloy 625,SYN-Laser-C,Artificial record created for public demonstration.,Synthetic measurement result.,1064,0.6883,0.351,28.0816,0.40228,3.218243,8,10.06185,linear-x,fixed,-503.909,SYN-Scanner-Z,100.0,27.30328,2201.0908,cross-hatch,15.3144,9.08395,3.658604,-852.92599,14.93408,46.63117,8,46.71524,3.17754,SYN-Microscope-C,SYN-MEAS-0169,3.32926,1.82943,2.14678137,0.22749185,0.0458962,0.001376,0.0250158,0.0024152,0.0085109,0.0002917,0.0114049,0.0005482,0.0151532,0.0012515,49.48715,2.93275,46.73978,2.09885,41.80135,1.42989,0.0200942,0.0005714,19.32768,29.28151,16006.9312,309.37687,11.48553,0.875004,2175.10987,48.0453,1.78367,9.094662,6.00566,0.22296,1.136833,22158803837.88,8,1.0,0.00178367,0.03655346,0.03284458,18.414067,0.09284913,0.005570948,0.10767351,4.0978412,0.5450511,0.248494,4.92158
170,SYN-2026-09-G10,Synthetic Copper C110,SYN-Laser-A,Synthetic scan sequence with controlled variation.,Synthetic measurement result.,1030,0.6708,0.7588,37.9387,0.285386,1.141545,4,4.81804,linear-x,fixed,92.725,SYN-Scanner-Z,254.0,42.23611,5441.02115,unidirectional,15.85859,2.04896,1.054891,1288.38493,39.0338,54.51899,8,41.04472,-0.90871,SYN-Confocal-B,SYN-MEAS-0170,3.69201,0.66067,1.40536054,0.28671768,0.0424005,0.0007446,0.0282105,0.0027033,0.0162008,0.0007307,0.0197345,0.0009757,0.0242237,0.000759,60.6152,3.17066,48.48459,0.63218,46.10035,2.52718,0.0267187,0.0012703,25.4511,43.40405,82291.07187,2094.39856,35.38743,0.7500014,2628.02265,89.18127,1.50683,3.696362,22.29532,0.37671,0.924091,78186750464.21,8,1.0,0.00301365,0.01931884,0.07431775,24.660349,0.12023594,0.007214156,0.18360824,3.08823,0.6653329,0.46543,1.491805
171,SYN-2026-09-G11,Synthetic Aluminum 6082,SYN-Laser-A,Artificial record created for public demonstration.,Artificial profile used for visualization testing.,1030,0.7271,0.2729,13.6428,0.218858,1.532007,7,7.44809,circular,fixed,734.36,SYN-Scanner-Y,160.0,26.36299,2119.83402,cross-hatch,10.06839,3.76406,3.55147,134.34289,44.74037,73.32297,7,105.01591,0.12302,SYN-Confocal-B,SYN-MEAS-0171,3.38801,1.65472,0.55020723,0.03956016,0.1072485,0.0015288,0.0184523,0.0010073,0.0213357,0.0011631,0.0274564,0.0016115,0.0348032,0.0026042,71.01217,1.47958,60.27111,1.02949,58.09823,1.40538,0.016351,0.0007051,9.91994,26.41587,14876.02386,147.56934,6.73157,0.8571445,3916.43891,45.32591,2.0676,16.227269,6.47513,0.29537,2.318181,39657354986.08,7,1.0,0.0020676,0.007054752,0.02659296,12.861748,0.42595636,0.025557382,0.25352782,13.6194905,0.1720521,0.2560073,2.101295
172,SYN-2026-09-G12,Synthetic Nickel Alloy 625,SYN-Laser-C,Synthetic scan sequence with controlled variation.,Synthetic measurement result.,1064,0.817,0.5589,44.7096,0.410202,1.640808,4,12.76496,linear-x,automatic,738.222,SYN-Scanner-X,100.0,13.80385,562.61157,unidirectional,2.7284,2.49705,0.365128,266.09755,27.80103,30.34704,3,28.76456,2.46553,SYN-Microscope-C,SYN-MEAS-0172,1.9928,1.26841,1.53214347,0.3508671,0.0282955,0.0002499,0.0203727,0.0021255,0.0069752,0.0005764,0.0083162,0.0005419,0.0110182,0.0009101,37.02796,0.91505,67.56993,1.78666,73.05633,2.27638,0.0190571,0.0009683,36.52763,15.26995,83641.50412,3055.2256,417.079,0.7500052,1828.38016,89.04789,12.15622,0.890119,22.26197,3.03906,0.22253,238077921087.65,3,1.0,0.00911717,0.023463379,1.14797776,125.913854,0.31902053,0.019141232,0.69918377,2.0301896,0.72,0.293907,1.315633
173,SYN-2026-09-G13,Synthetic Stainless Steel 316L,SYN-Laser-C,Synthetic scan sequence with controlled variation.,Generated analysis values; not laboratory data.,1064,0.8532,0.4596,36.766,0.324638,2.597103,8,17.97246,linear-x,automatic,72.942,SYN-Scanner-X,100.0,21.56874,1373.59233,unidirectional,11.8619,5.12616,2.053469,-676.9398,43.42289,76.42173,3,71.74588,7.13113,SYN-Microscope-C,SYN-MEAS-0173,1.23118,1.07575,0.44321996,0.02566507,0.0698436,0.0008336,0.0263203,0.0024571,0.0155394,0.0007232,0.0178134,0.0010233,0.0213335,0.0006433,54.34435,2.74789,65.24612,3.00611,66.1837,2.87738,0.0211017,0.0005216,31.3676,24.04577,23419.65903,734.61861,40.44219,0.8750058,2695.32863,96.62336,5.3193,6.325413,12.07792,0.66491,0.790677,36996217039.52,3,1.0,0.00199474,0.006144897,0.03368583,16.887335,0.09575748,0.005745449,0.18022098,17.8335094,0.3768465,0.2550475,5.218552
174,SYN-2026-09-G14,Synthetic Stainless Steel 316L,SYN-Laser-C,Generated example for database and UI testing.,Synthetic quality check completed.,1064,0.8177,0.8811,70.4842,0.469155,2.814931,6,5.73547,linear-x,manual,671.551,SYN-Scanner-X,160.0,17.6693,921.82157,unidirectional,14.54247,10.51245,3.678337,327.04189,36.6402,48.0649,3,46.61805,-4.92534,SYN-Microscope-C,SYN-MEAS-0174,3.54439,1.93244,3.6284339,0.49996482,0.0456877,0.0015055,0.0328952,0.0022906,0.0107951,0.0009229,0.0156436,0.000965,0.0177624,0.0004534,52.96717,1.15937,40.93912,0.90724,41.32037,1.83216,0.0315491,0.0024304,57.63413,18.74834,10193.9234,587.51793,53.20414,0.833336,1776.24816,122.84663,11.12468,7.840342,20.47444,1.85411,1.306724,323271159730.63,3,1.0,0.00556234,0.07100641,0.15482248,27.834055,0.36204595,0.021722757,1.25197226,26.9550063,0.72,0.342403,1.34606
175,SYN-2026-09-G15,Synthetic Stainless Steel 316L,SYN-Laser-A,Artificial record created for public demonstration.,Synthetic measurement result.,1030,0.8223,0.8318,41.5922,0.137109,0.274219,2,7.11554,linear-x,fixed,-45.071,SYN-Scanner-Z,100.0,16.3079,811.16362,cross-hatch,5.41734,10.39153,1.596394,356.57491,24.42223,49.4978,5,28.54827,-2.9772,SYN-Profilometer-A,SYN-MEAS-0175,3.71579,0.92049,2.1785784,0.37087846,0.0286351,0.0009663,0.0206173,0.0011887,0.0081151,0.0006703,0.0102142,0.0006096,0.01417,0.0007102,53.53758,1.53422,52.82278,3.2509,48.44223,2.17178,0.0197608,0.0016371,34.19945,17.81397,22317.76967,763.25549,76.55939,0.500001,3646.73146,249.43195,25.01961,11.643216,124.71597,12.50981,5.821608,1758096550096.71,5,1.0,0.06254903,0.030936958,0.10991134,1.757203,0.12529929,0.007517958,0.25711003,4.6784986,0.72,0.3566998,0.856553
176,SYN-2026-09-G16,Synthetic Copper C110,SYN-Laser-B,Generated example for database and UI testing.,Synthetic measurement result.,515,0.7851,0.8662,21.6562,0.224209,1.121044,5,1.90459,elliptical,manual,-247.318,SYN-Scanner-X,160.0,12.91426,1017.37668,unidirectional,8.41714,5.05229,1.689617,-106.91259,21.73671,32.01159,3,44.71168,5.33966,SYN-Microscope-C,SYN-MEAS-0176,2.19699,2.94718,1.64501904,0.18258944,0.0435685,0.000535,0.0144251,0.0004858,0.008397,0.0005851,0.0104199,0.0003139,0.012465,0.0010106,69.47057,2.66425,39.10498,1.56559,36.20473,2.09849,0.0130668,0.000533,17.00147,12.98537,15370.78681,261.32591,49.33144,0.8000004,3568.10423,75.82871,14.31446,7.535909,15.16574,2.86289,1.507182,1503156233885.59,3,1.0,0.00858868,0.018322667,0.1436199,16.722008,0.31024901,0.018614941,0.31648128,7.345344,0.3310891,0.239161,1.358257
177,SYN-2026-09-G17,Synthetic Nickel Alloy 625,SYN-Laser-B,Synthetic scan sequence with controlled variation.,Synthetic quality check completed.,515,0.7844,0.3827,9.5663,0.163292,1.306339,8,2.65022,linear-x,automatic,776.254,SYN-Scanner-Z,100.0,28.65277,5008.13181,bidirectional,7.60834,7.39807,0.164207,-1227.54967,31.26958,34.53269,1,32.69846,-0.50978,SYN-Confocal-B,SYN-MEAS-0177,2.06823,1.73119,0.6911353,0.05574158,0.0327714,0.0008549,0.0091277,0.000667,0.0071089,0.000392,0.0104476,0.0007194,0.0135663,0.0004743,30.1749,1.34696,70.84774,2.58899,72.45154,3.47703,0.0074927,0.0006555,7.50425,29.50094,359313.85074,2696.38107,98.61883,0.8750004,5358.48854,45.95591,1.68081,1.005601,5.74449,0.2101,0.1257,79277059341.3,1,1.0,0.0002101,0.004533039,0.08053439,383.311136,0.0551046,0.003306276,0.02481112,3.080811,0.2785269,0.3188027,1.635053
178,SYN-2026-09-G18,Synthetic Copper C110,SYN-Laser-A,Synthetic scan sequence with controlled variation.,Synthetic quality check completed.,1030,0.9203,0.8567,42.8355,0.692725,4.156351,6,7.28653,circular,manual,-58.75,SYN-Scanner-Y,160.0,42.07972,5400.80309,bidirectional,16.84651,9.19596,3.450688,1087.14329,94.08292,124.20201,5,164.10467,-19.89239,SYN-Profilometer-A,SYN-MEAS-0178,3.33345,1.35515,0.68466194,0.07086415,0.1639555,0.001472,0.0284981,0.0023664,0.0373728,0.0011647,0.0520898,0.0027785,0.0687583,0.0025566,49.77732,0.71535,46.69914,3.49434,48.28247,2.94874,0.0246712,0.0015933,39.4214,42.92377,24878.38211,980.74068,16.94372,0.8333384,1202.98551,56.9077,0.98316,4.981323,9.48462,0.16386,0.83022,22488151744.28,5,0.912467,0.00074759,0.015300603,0.01975293,24.109449,0.1626732,0.009760392,0.38476833,38.9580952,0.1738162,0.3177069,3.826887
179,SYN-2026-09-G19,Synthetic Aluminum 6082,SYN-Laser-A,Artificial record created for public demonstration.,Generated analysis values; not laboratory data.,1030,0.8813,0.8295,41.4764,0.218331,0.873326,4,6.35037,circular,manual,735.846,SYN-Scanner-Z,254.0,22.65665,1565.68342,bidirectional,11.87954,8.8912,0.797379,381.14454,19.85333,54.18429,3,39.3307,5.93191,SYN-Microscope-C,SYN-MEAS-0179,1.70713,1.92865,1.93813527,0.29470552,0.0398719,0.0006895,0.0271,0.002594,0.0066218,0.0004829,0.008967,0.0006858,0.0094333,0.0008156,29.68093,1.73539,50.13738,2.7055,53.3364,3.27997,0.0216251,0.0017507,36.55349,23.31832,58487.41455,2137.91903,125.15464,0.7500014,3435.14977,167.42197,9.80095,3.652148,41.85549,2.45024,0.913037,385841742430.49,3,1.0,0.00735071,0.032313678,0.10197776,13.873181,0.04416464,0.002649878,0.09686229,3.1661248,0.6796771,0.2248943,5.474931
180,SYN-2026-09-G20,Synthetic Stainless Steel 316L,SYN-Laser-C,Synthetic scan sequence with controlled variation.,Artificial profile used for visualization testing.,1064,0.7872,0.7745,61.9633,1.405378,4.216135,3,5.09151,linear-y,manual,399.888,SYN-Scanner-Y,254.0,29.90825,2641.13293,cross-hatch,16.57488,10.65256,0.57568,223.04939,52.54747,55.74279,7,86.78211,-7.26794,SYN-Confocal-B,SYN-MEAS-0180,3.52787,1.58992,1.7987357,0.17412736,0.0884351,0.0024949,0.0343309,0.0017534,0.0206624,0.0008943,0.0263165,0.0009805,0.0377408,0.0027616,64.35121,1.70434,68.41225,1.95048,69.60361,1.45628,0.0273474,0.0023409,48.77473,30.01472,104275.64004,5086.01657,179.70469,0.6666738,474.37318,34.70577,1.22626,0.409627,11.56859,0.40875,0.136542,80281457421.03,7,1.0,0.00286128,0.031321669,0.02534208,8.856909,0.01571739,0.000943044,0.0459967,2.5929039,0.3882049,0.2975801,6.983504
181,SYN-2026-10-G01,Synthetic Aluminum 6082,SYN-Laser-C,Artificial record created for public demonstration.,Artificial profile used for visualization testing.,1064,0.7122,0.699,55.9162,0.21697,1.301819,6,16.45839,linear-x,automatic,-118.863,SYN-Scanner-Y,254.0,39.84847,4688.47451,bidirectional,17.50654,5.91902,3.01927,-1856.23544,27.00237,74.92049,5,42.04545,4.75055,SYN-Profilometer-A,SYN-MEAS-0181,2.84013,2.40164,3.85541482,0.26792046,0.0422497,0.0011533,0.0304198,0.0019969,0.007525,0.0002779,0.0117859,0.0005238,0.012556,0.0005474,46.24001,1.70109,76.66167,2.20408,79.84748,2.99958,0.0235524,0.0013651,39.82481,42.85792,28389.5941,1130.6102,19.59299,0.8333369,3840.79571,183.54997,3.18084,13.915618,30.59166,0.53014,2.31927,32210965273.06,5,1.0,0.0026507,0.084381235,0.16286425,61.441919,0.33340791,0.020004475,0.79667441,9.7832941,0.72,0.2789575,6.867445
182,SYN-2026-10-G02,Synthetic Aluminum 6082,SYN-Laser-A,Artificial record created for public demonstration.,Synthetic measurement result.,1030,0.7284,0.8326,41.6276,0.041483,0.290382,7,7.94767,linear-x,manual,628.552,SYN-Scanner-Y,160.0,31.31747,2991.47837,bidirectional,5.8126,5.66533,1.855449,702.15131,28.37658,60.12021,7,30.72264,-5.13304,SYN-Confocal-B,SYN-MEAS-0182,2.22501,2.67316,3.51363776,0.35332403,0.0303535,0.0003825,0.0218545,0.001256,0.0061443,0.0005268,0.0085509,0.0006951,0.0093107,0.0004283,58.92652,3.14214,57.49309,1.5481,61.95128,2.76355,0.0197301,0.0007178,30.32161,32.16857,34674.70505,1051.39281,32.34086,0.8571432,20662.42261,730.93724,22.48364,44.727733,104.41961,3.21195,6.389676,404137134396.25,7,1.0,0.02248364,0.055184303,0.23939881,10.64769,0.41569883,0.02494193,0.75627941,4.5129679,0.72,0.2817113,2.124382
183,SYN-2026-10-G03,Synthetic Copper C110,SYN-Laser-B,Artificial record created for public demonstration.,Generated analysis values; not laboratory data.,515,0.7821,0.2748,6.8707,0.496834,2.484171,5,3.79023,circular,fixed,496.657,SYN-Scanner-Z,254.0,22.44181,3072.26308,bidirectional,14.76581,5.14871,1.521924,-261.66147,34.8998,47.44663,5,60.24311,9.27775,SYN-Microscope-C,SYN-MEAS-0183,1.67401,2.3991,0.76091161,0.11514036,0.0608966,0.0020931,0.0131169,0.0013196,0.0121748,0.0009218,0.0196638,0.0009023,0.027371,0.0018371,47.5268,1.17707,44.82923,3.32931,40.1392,1.88781,0.0097014,0.0007821,5.37326,22.52306,29598.13832,159.03864,9.97926,0.8000019,1610.19886,10.81501,0.67861,3.063243,2.163,0.13572,0.612649,35808538402.3,5,1.0,0.00067861,0.006783499,0.01784547,26.296966,0.17640282,0.010584169,0.05687155,6.3737812,0.2153961,0.3229046,3.415534
184,SYN-2026-10-G04,Synthetic Copper C110,SYN-Laser-C,Synthetic scan sequence with controlled variation.,Generated analysis values; not laboratory data.,1064,0.7229,0.3696,29.5642,0.810492,2.431477,3,7.57125,linear-y,automatic,231.681,SYN-Scanner-X,160.0,19.68769,1144.45267,unidirectional,10.10065,3.5644,2.385153,377.65416,39.49687,63.52021,7,90.02212,8.51408,SYN-Profilometer-A,SYN-MEAS-0184,1.36227,1.70443,0.35427348,0.02601384,0.0885255,0.001469,0.0243082,0.0024316,0.0212564,0.0009518,0.0300788,0.0026458,0.0398913,0.0024369,71.88796,1.21567,56.74376,3.38641,55.04928,0.85135,0.0193286,0.0010716,21.37139,20.73191,17384.13405,371.52316,27.51424,0.6666728,822.55292,26.36841,1.95279,2.942844,8.78947,0.65093,0.980948,85973962439.87,7,1.0,0.00455651,0.004952578,0.01965156,4.312853,0.08662496,0.005197497,0.11107776,8.0748064,0.2745898,0.3397758,4.979561
185,SYN-2026-10-G05,Synthetic Silicon,SYN-Laser-A,Synthetic scan sequence with controlled variation.,Artificial profile used for visualization testing.,1030,0.8073,0.8773,43.8647,0.435143,3.045999,7,1.18126,circular,fixed,507.902,SYN-Scanner-Y,254.0,46.48879,6591.87773,bidirectional,16.3921,8.76645,1.364167,-313.48839,63.32622,138.2142,3,132.46886,-1.84348,SYN-Microscope-C,SYN-MEAS-0185,0.76699,1.06041,0.12670572,0.00661246,0.1368524,0.0023978,0.0287023,0.0021619,0.0256047,0.0007659,0.0437683,0.0026607,0.053139,0.0045772,37.91878,1.64863,44.84725,3.47595,42.67183,2.4057,0.0262235,0.0022993,35.41365,46.54133,68234.07421,2416.4178,35.5095,0.8571434,1969.7986,81.38401,1.19595,3.134988,11.62629,0.17085,0.447855,144633785217.47,3,1.0,0.00051255,0.001948396,0.00451958,8.817856,0.01102499,0.000661499,0.02342611,17.2775067,0.209732,0.319821,2.478766
186,SYN-2026-10-G06,Synthetic Titanium Grade 2,SYN-Laser-C,Generated example for database and UI testing.,Artificial profile used for visualization testing.,1064,0.6877,0.2785,22.2778,0.369978,2.959825,8,8.40649,circular,automatic,-729.405,SYN-Scanner-Y,254.0,50.60734,7561.97524,bidirectional,2.59572,1.58759,0.373503,2861.15715,63.93117,73.4459,3,88.36613,-4.3528,SYN-Confocal-B,SYN-MEAS-0186,2.45662,0.9111,0.25133163,0.02406602,0.0883513,0.0011595,0.0124857,0.0009065,0.0196944,0.0011631,0.0323688,0.0014685,0.0457159,0.0038503,32.70458,1.87548,46.50037,0.83985,50.65159,1.56459,0.0104406,0.0005805,15.31951,54.10862,289736.10534,4438.61627,48.2575,0.8750031,2365.01317,41.40654,0.45018,1.009527,5.17582,0.05627,0.126191,6693931796.23,3,1.0,0.00016882,0.002104178,0.17020219,1008.202376,0.26529351,0.01591761,0.24385005,4.7756937,0.1413193,0.3663647,2.045149
187,SYN-2026-10-G07,Synthetic Nickel Alloy 625,SYN-Laser-B,Synthetic parameter sweep; no real experiment.,Synthetic quality check completed.,515,0.7815,0.756,18.8989,0.056945,0.398614,7,3.49129,circular,automatic,386.707,SYN-Scanner-Z,100.0,29.69652,5379.64566,unidirectional,17.93114,4.98088,0.497764,823.34345,26.29071,76.8973,6,61.12464,-9.83497,SYN-Confocal-B,SYN-MEAS-0187,2.5236,0.94222,0.76595984,0.13551941,0.0599995,0.001846,0.0217222,0.0006075,0.0160444,0.0008087,0.0260088,0.0022556,0.033103,0.0014494,46.09637,0.87998,40.10722,1.5642,41.29061,0.88382,0.0189481,0.0011956,14.7692,30.0423,120708.95926,1782.77427,62.87529,0.8571431,15052.16039,259.35963,9.14715,8.741164,37.05138,1.30674,1.248738,374284316982.95,6,1.0,0.00784042,0.012208747,0.02278272,2.905805,0.02018714,0.001211228,0.01788887,1.3086575,0.3620405,0.4334843,2.774142
188,SYN-2026-10-G08,Synthetic Stainless Steel 316L,SYN-Laser-A,Synthetic parameter sweep; no real experiment.,Synthetic quality check completed.,1030,0.722,0.7122,35.6095,0.620277,3.101385,5,7.42572,linear-x,manual,445.754,SYN-Scanner-Y,254.0,53.74458,8810.12296,bidirectional,13.57056,2.38273,2.971381,2605.46957,38.08061,69.87983,5,59.14155,-1.0996,SYN-Profilometer-A,SYN-MEAS-0188,2.79183,1.87119,1.42086085,0.11728293,0.0605235,0.0020274,0.0201091,0.0005041,0.0135369,0.0007655,0.0199585,0.001759,0.0228416,0.0009578,38.63833,2.5808,38.11319,0.56695,35.66868,1.73054,0.0154025,0.0004041,25.70894,56.04556,37723.58188,969.83332,9.82799,0.8000046,1289.75395,41.44752,0.42002,4.79041,8.2895,0.084,0.958082,11312468462.42,5,1.0,0.00042002,0.022978229,0.14212599,338.382049,0.62553485,0.037532091,0.96491029,13.5782385,0.3322518,0.3297641,4.706559
189,SYN-2026-10-G09,Synthetic Nickel Alloy 625,SYN-Laser-B,Artificial record created for public demonstration.,Generated analysis values; not laboratory data.,515,0.7142,0.2353,5.8835,0.272229,0.272229,1,2.82704,elliptical,fixed,290.632,SYN-Scanner-Z,100.0,17.13735,1791.55512,cross-hatch,10.62799,7.27573,1.401547,826.17321,23.15777,53.68168,2,41.82455,6.88993,SYN-Profilometer-A,SYN-MEAS-0189,0.63153,2.38043,0.19837949,0.01408414,0.0413092,0.0011407,0.0077083,0.0005204,0.0067085,0.0003761,0.0105793,0.0003964,0.0151639,0.0006821,49.34817,2.22848,47.07286,2.23256,42.25659,1.9449,0.0069532,0.0001864,4.2017,18.87178,26929.93199,113.15143,10.1131,8e-07,0.00283,15.43443,1.37948,5.148413,15.43443,1.37948,5.148413,487957559901.48,2,1.0,0.00275896,0.001111044,0.00718411,2.603925,0.05549487,0.003329692,0.01399036,9.737012,0.1865991,0.2560991,0.755076
190,SYN-2026-10-G10,Synthetic Nickel Alloy 625,SYN-Laser-B,Synthetic scan sequence with controlled variation.,Synthetic quality check completed.,515,0.8799,0.9698,24.2448,0.116488,0.931902,8,2.90992,linear-y,automatic,-27.297,SYN-Scanner-Y,160.0,35.12176,7524.80395,bidirectional,7.87948,11.78259,2.204786,-4003.82927,46.75578,65.11579,1,45.12092,5.5305,SYN-Confocal-B,SYN-MEAS-0190,0.75121,2.06038,0.50921743,0.06057367,0.0467042,0.0010309,0.0186696,0.0019413,0.013678,0.0003501,0.0164764,0.0014668,0.0227448,0.0014191,68.50131,1.22839,74.81816,2.91761,77.45497,0.88878,0.0173414,0.0014727,21.33261,39.78403,36088.79424,769.86821,15.48278,0.8750003,7511.52372,183.13183,3.68295,18.927196,22.89148,0.46037,2.365899,158206591555.86,1,1.0,0.00046037,0.007112727,0.07661217,166.4146,0.37021623,0.022212974,0.47386073,61.8518896,0.3997407,0.3527815,1.328177
191,SYN-2026-10-G11,Synthetic Copper C110,SYN-Laser-B,Artificial record created for public demonstration.,Synthetic measurement result.,515,0.8189,0.3352,8.3808,3.15968,3.15968,1,1.37767,elliptical,fixed,-816.222,SYN-Scanner-Y,160.0,36.12606,7961.29793,unidirectional,15.59878,5.77849,0.781178,-3233.20118,78.04877,91.66449,7,127.80561,9.46383,SYN-Microscope-C,SYN-MEAS-0191,1.78376,2.8515,0.44599932,0.06131006,0.1305609,0.0037978,0.019768,0.0021721,0.0434182,0.0012313,0.0522362,0.0041841,0.0567956,0.0020912,38.10496,1.0941,56.22257,2.49162,59.8258,2.41722,0.016039,0.0012743,6.86323,38.99154,99827.55641,685.13951,14.3446,4.4e-06,0.00138,2.17213,0.04548,0.247233,2.17213,0.04548,0.247233,33010289566.79,7,0.999158,0.00031807,0.005706548,0.0090442,28.410399,0.08034476,0.004820686,0.03308548,5.2259977,0.1514084,0.4000909,3.72907
192,SYN-2026-10-G12,Synthetic Copper C110,SYN-Laser-A,Synthetic scan sequence with controlled variation.,Synthetic quality check completed.,1030,0.7986,0.9671,48.356,1.312681,3.938042,3,3.56172,circular,fixed,-646.431,SYN-Scanner-X,100.0,14.28934,622.78357,cross-hatch,10.04384,3.014,2.019736,-255.91501,10.15306,15.18448,2,25.68028,2.69391,SYN-Profilometer-A,SYN-MEAS-0192,3.30321,1.35788,2.26577329,0.47807784,0.0248525,0.0003826,0.0178938,0.0012207,0.0073333,0.0004961,0.0109735,0.0005924,0.0144955,0.0012133,38.48591,3.03765,66.6918,3.16019,64.13214,2.69134,0.0142799,0.0002918,38.61915,15.44873,15297.76922,590.78692,78.79441,0.6666713,507.8701,29.42006,3.92381,1.538635,9.80669,1.30794,0.512878,367220396798.23,2,1.0,0.00261587,0.028737911,0.4746602,181.453747,0.25204137,0.015122482,0.58401748,6.1519533,0.72,0.4415438,3.613865
193,SYN-2026-10-G13,Synthetic Stainless Steel 316L,SYN-Laser-A,Synthetic scan sequence with controlled variation.,Synthetic quality check completed.,1030,0.8047,0.9315,46.5765,3.129215,3.129215,1,4.51724,circular,automatic,-480.727,SYN-Scanner-X,160.0,13.08202,521.98998,bidirectional,16.33992,10.50409,2.23285,-66.82212,17.99705,41.29068,3,33.23742,0.0817,SYN-Confocal-B,SYN-MEAS-0193,2.43736,0.59812,0.67670342,0.07711188,0.0340174,0.000551,0.0244925,0.0021479,0.0090425,0.0006586,0.0107572,0.0006803,0.0152437,0.0008032,49.1208,2.13033,36.97473,1.88356,34.16996,1.22937,0.0188758,0.0010484,37.47833,13.18877,11813.39999,442.74646,81.02076,1.41e-05,0.00452,11.97691,2.19173,0.71355,11.97691,2.19173,0.71355,485190785026.41,3,1.0,0.00657518,0.009296467,0.01805462,2.745876,0.01935838,0.001161503,0.04353117,8.0369414,0.72,0.3162277,5.616736
194,SYN-2026-10-G14,Synthetic Titanium Grade 2,SYN-Laser-B,Synthetic scan sequence with controlled variation.,Synthetic measurement result.,515,0.7596,0.8245,20.6114,0.998137,2.994411,3,3.19692,elliptical,automatic,807.861,SYN-Scanner-Y,254.0,40.93639,10222.61023,cross-hatch,3.83018,10.98038,2.898146,1900.35874,42.22167,59.76365,7,94.25577,0.8404,SYN-Profilometer-A,SYN-MEAS-0194,1.70679,2.26846,0.61774972,0.08045814,0.0969401,0.000804,0.020022,0.0009498,0.0293937,0.0011974,0.0418878,0.0021606,0.0488489,0.0017079,58.12841,1.46481,52.52849,3.29796,51.60798,1.15018,0.0182397,0.0013329,15.65604,41.63772,28734.04557,449.86144,8.25952,0.6666699,667.91423,15.68527,0.28798,2.903555,5.22842,0.09599,0.967852,30027209235.59,7,1.0,0.00067196,0.008581312,0.0291487,43.378482,0.2278205,0.01366923,0.21400604,10.4883901,0.2065394,0.4320992,1.78223
195,SYN-2026-10-G15,Synthetic Stainless Steel 316L,SYN-Laser-B,Synthetic scan sequence with controlled variation.,Synthetic quality check completed.,515,0.8085,0.3903,9.7586,0.60936,4.26552,7,1.07377,circular,automatic,-429.611,SYN-Scanner-Y,160.0,42.22653,10877.10987,bidirectional,17.04605,9.93735,3.229148,-4874.23391,98.07358,116.46874,7,183.36248,-15.99038,SYN-Confocal-B,SYN-MEAS-0195,2.84374,1.99303,0.27816378,0.04713152,0.1867635,0.0016662,0.0136743,0.0015025,0.0402793,0.0010268,0.048601,0.0028417,0.0635757,0.0024536,46.91417,2.01328,38.6178,1.6405,43.57023,1.11341,0.0112177,0.0003462,7.88965,46.27246,28659.23743,226.11134,3.36145,0.8571435,1406.62904,12.94744,0.19248,5.299245,1.84963,0.0275,0.757035,25608271344.0,7,0.943627,0.00018163,0.002508455,0.0021155,10.9907,0.08491732,0.005095039,0.04019808,27.1452113,0.0732171,0.2602275,2.456628
196,SYN-2026-10-G16,Synthetic Nickel Alloy 625,SYN-Laser-B,Generated example for database and UI testing.,Synthetic measurement result.,515,0.7911,0.6224,15.5612,0.674266,1.348532,2,1.34937,elliptical,automatic,5.045,SYN-Scanner-Y,254.0,33.59586,6885.16179,unidirectional,7.30829,4.3539,2.704975,3320.19795,41.8359,45.41325,6,77.64423,-8.52562,SYN-Microscope-C,SYN-MEAS-0196,1.65311,1.72864,0.51387405,0.08994027,0.0794872,0.0023492,0.0152054,0.0013898,0.0224478,0.0006788,0.0291008,0.0015631,0.0398329,0.0014765,56.27728,2.75359,70.34549,2.04081,71.75838,2.92746,0.0133037,0.0009843,12.31033,37.29808,27577.39372,339.48679,7.76784,0.5000009,741.54851,18.25738,0.41775,4.011733,9.12869,0.20887,2.005866,154793831703.75,6,1.0,0.00125325,0.005998447,0.0314191,25.070147,0.28882611,0.017329567,0.21333267,11.3165053,0.1912936,0.3661068,1.901681
197,SYN-2026-10-G17,Synthetic Silicon,SYN-Laser-C,Generated example for database and UI testing.,Synthetic measurement result.,1064,0.8903,0.841,67.2821,0.525636,3.679454,7,6.68037,elliptical,automatic,-420.983,SYN-Scanner-Y,160.0,35.7725,3778.39063,unidirectional,5.87742,6.89967,2.395431,851.53569,77.53074,95.26554,8,185.28354,-24.44593,SYN-Profilometer-A,SYN-MEAS-0197,1.72895,0.85076,0.2442673,0.02797701,0.1925102,0.0021466,0.043887,0.0047327,0.0586996,0.0018541,0.087422,0.0035315,0.1133203,0.0091671,65.97416,2.74538,43.14852,2.40871,46.46211,1.88353,0.0338868,0.0022469,59.90277,36.66972,30616.38433,1834.00622,43.41459,0.8571464,1630.68341,113.96239,2.69772,4.557203,16.28034,0.38539,0.651029,57689611052.42,8,0.94594,0.00291643,0.007789477,0.02401063,7.787806,0.07444136,0.004466481,0.26755461,13.9289658,0.2279722,0.4541161,10.000136
198,SYN-2026-10-G18,Synthetic Copper C110,SYN-Laser-B,Synthetic parameter sweep; no real experiment.,Artificial profile used for visualization testing.,515,0.7129,0.9202,23.0049,0.698339,2.793356,4,3.96651,circular,automatic,-811.752,SYN-Scanner-X,160.0,22.29162,3031.2781,unidirectional,12.11926,8.19177,3.721165,1610.7041,47.28024,54.18418,6,77.87733,11.39288,SYN-Microscope-C,SYN-MEAS-0198,1.76946,1.00905,0.29009594,0.02777807,0.0763021,0.002258,0.0210128,0.0013779,0.024494,0.0015569,0.0292871,0.0024146,0.0349693,0.0019775,54.06242,2.04747,38.02984,1.86514,38.92511,2.11896,0.0177956,0.0007953,16.39937,25.24318,13567.35062,222.49603,11.11436,0.7500028,1073.98104,23.4834,1.17307,5.328595,5.87085,0.29327,1.332149,73935741632.57,6,1.0,0.0017596,0.002981323,0.005005,2.844392,0.05369515,0.003221709,0.05283401,17.5937565,0.2753891,0.3838308,3.217183
199,SYN-2026-10-G19,Synthetic Silicon,SYN-Laser-B,Artificial record created for public demonstration.,Synthetic quality check completed.,515,0.8439,0.344,8.5991,1.235228,1.235228,1,2.09929,circular,fixed,0.878,SYN-Scanner-Y,254.0,43.8943,11753.27612,unidirectional,4.62919,8.45248,1.042376,-5285.29732,75.82052,90.65336,7,158.45843,20.24953,SYN-Microscope-C,SYN-MEAS-0199,3.15896,2.41746,0.67498684,0.07610365,0.1544024,0.005062,0.0179142,0.0014752,0.0354693,0.0013468,0.0413462,0.0025272,0.0580696,0.0027038,58.29676,1.72221,72.48668,2.75061,77.77668,2.52344,0.0161445,0.0008769,7.25699,48.12823,92343.27691,670.13464,9.209,2.6e-06,0.0021,5.87503,0.08073,0.843874,5.87503,0.08073,0.843874,38458160926.35,7,1.0,0.00056514,0.007770114,0.02836872,50.197426,0.3089543,0.018537258,0.13452478,6.7743017,0.1160231,0.2677825,1.76973
200,SYN-2026-10-G20,Synthetic Titanium Grade 2,SYN-Laser-A,Synthetic scan sequence with controlled variation.,Synthetic measurement result.,1030,0.8548,0.6808,34.0385,1.323767,2.647534,2,3.15104,elliptical,automatic,677.151,SYN-Scanner-X,160.0,27.0092,2225.03121,cross-hatch,13.71763,4.57339,1.900558,1163.51059,51.39312,78.38091,8,107.66985,-13.35304,SYN-Profilometer-A,SYN-MEAS-0200,2.74768,1.86197,1.10068253,0.09163851,0.1077504,0.0028041,0.0266885,0.0016835,0.0245343,0.0016545,0.039355,0.0017648,0.0560175,0.0016125,57.00645,2.85263,56.89995,2.4304,60.1257,2.97071,0.0205356,0.0015136,29.09525,30.47907,32073.81291,933.19562,31.97566,0.5000042,377.71312,21.97913,0.75311,1.435719,10.98957,0.37655,0.71786,119501491323.82,8,1.0,0.00301243,0.013764862,0.02742613,9.104312,0.09207218,0.005524331,0.16073179,7.3256698,0.247688,0.3652423,6.152894
201,SYN-2026-11-G01,Synthetic Titanium Grade 2,SYN-Laser-A,Synthetic scan sequence with controlled variation.,Synthetic measurement result.,1030,0.7806,0.7798,38.9917,0.215101,0.645302,3,1.45108,linear-y,manual,626.889,SYN-Scanner-Y,160.0,20.99624,1344.60804,unidirectional,6.92689,5.21418,1.170218,-9.18283,24.66279,59.74131,3,39.94773,4.29944,SYN-Profilometer-A,SYN-MEAS-0201,1.63898,2.94489,2.72911537,0.11122055,0.0386509,0.0008227,0.0240357,0.0013804,0.0083238,0.0004277,0.0105114,0.0009216,0.0132806,0.0009755,37.74132,1.79999,59.68116,2.16926,60.02997,1.69263,0.0222009,0.0013747,30.43864,20.99673,35885.16453,1092.29544,78.86548,0.666667,3099.3275,141.50888,10.21717,5.44033,47.16963,3.40572,1.813443,2347022939027.53,3,1.0,0.01021717,0.038494104,0.35526163,34.771048,0.33684646,0.020210787,0.61518879,5.7721666,0.621868,0.2719588,1.834815
202,SYN-2026-11-G02,Synthetic Aluminum 6082,SYN-Laser-C,Synthetic parameter sweep; no real experiment.,Synthetic quality check completed.,1064,0.9171,0.3871,30.967,0.202481,1.417367,7,13.33576,elliptical,automatic,-702.038,SYN-Scanner-Y,254.0,48.81022,7034.44372,bidirectional,3.84311,3.31377,3.726001,-3795.60908,66.8083,79.29992,5,152.86807,27.41756,SYN-Microscope-C,SYN-MEAS-0202,1.12012,1.77269,0.19751673,0.02661678,0.1562379,0.0054177,0.0265515,0.0024093,0.0245856,0.0020804,0.0421377,0.0019196,0.0516358,0.0013916,45.80259,1.86955,39.61756,2.15284,36.20501,2.42424,0.0245918,0.0011939,28.4003,55.46226,29770.39982,845.48835,8.74908,0.8571456,4233.21566,140.2616,1.45142,18.401734,20.03737,0.20735,2.628819,15548124420.56,5,1.0,0.00103673,0.00255075,0.04005835,38.639135,0.35111019,0.021066612,0.59829814,29.871332,0.1699428,0.2697022,1.959739
203,SYN-2026-11-G03,Synthetic Silicon,SYN-Laser-C,Synthetic scan sequence with controlled variation.,Synthetic quality check completed.,1064,0.7628,0.409,32.7239,0.528018,4.224147,8,10.86357,linear-y,fixed,627.106,SYN-Scanner-Z,100.0,31.48933,2927.75726,bidirectional,5.25021,1.91817,0.859214,1569.0499,50.38181,76.01755,6,96.31963,-17.26486,SYN-Confocal-B,SYN-MEAS-0203,3.63967,0.86767,0.60257706,0.05597602,0.0953582,0.0008702,0.0267829,0.001574,0.0347113,0.0011291,0.0403849,0.0013249,0.0495775,0.0028772,70.06137,1.85197,43.21677,1.61495,47.30662,0.90652,0.0252093,0.0013478,24.9633,35.72634,83160.52214,2075.96078,51.77167,0.8750057,1657.15015,47.27732,1.17903,1.627243,5.90967,0.14738,0.203405,13566362921.64,6,1.0,0.00088427,0.008759006,0.14495747,163.928093,0.25137015,0.015082209,0.37650166,4.3288751,0.2808657,0.4235074,1.573526
204,SYN-2026-11-G04,Synthetic Aluminum 6082,SYN-Laser-B,Synthetic parameter sweep; no real experiment.,Synthetic measurement result.,515,0.8169,0.4198,10.4952,4.164248,4.164248,1,1.66692,circular,automatic,590.788,SYN-Scanner-X,100.0,12.83016,1004.16866,unidirectional,14.99953,5.75035,1.310045,119.53052,21.63864,24.82251,7,27.81785,-2.2767,SYN-Profilometer-A,SYN-MEAS-0204,2.48454,0.58418,0.68935356,0.07938252,0.028247,0.0009146,0.0149258,0.0005586,0.0059327,0.0002447,0.0099261,0.0008082,0.0143389,0.0007014,46.151,1.04,72.76988,2.32589,73.22391,1.16328,0.0117784,0.0009741,8.5739,12.92073,19725.63844,169.12573,32.24671,6.9e-06,0.00167,2.05893,0.39257,0.314593,2.05893,0.39257,0.314593,235506785794.37,7,1.0,0.00274799,0.004697452,0.00778023,2.83124,0.0257235,0.00154341,0.01323305,2.4297936,0.528405,0.3514033,3.147402
205,SYN-2026-11-G05,Synthetic Silicon,SYN-Laser-A,Synthetic parameter sweep; no real experiment.,Synthetic measurement result.,1030,0.8947,0.6225,31.123,0.308705,0.926114,3,7.06908,circular,fixed,182.285,SYN-Scanner-Y,254.0,41.30604,5204.02967,cross-hatch,16.53733,11.35288,1.071991,1431.87689,71.77374,114.15802,8,165.86095,27.83434,SYN-Microscope-C,SYN-MEAS-0205,2.2592,2.37875,0.7513223,0.11484928,0.1653849,0.0052583,0.0278385,0.0014388,0.0355734,0.0026351,0.0488459,0.0035736,0.0515003,0.0044358,30.16322,0.53022,71.06667,2.60771,66.4845,1.40062,0.0242231,0.0013194,27.84519,42.84108,79928.07705,2225.61264,38.59925,0.6666688,2159.56912,90.20013,1.56436,3.472546,30.06671,0.52145,1.157515,73765357675.72,8,1.0,0.00417162,0.016007907,0.01065794,2.554865,0.02944961,0.001766977,0.0492018,5.770559,0.1683252,0.2953469,3.615345
206,SYN-2026-11-G06,Synthetic Stainless Steel 316L,SYN-Laser-C,Artificial record created for public demonstration.,Synthetic quality check completed.,1064,0.7421,0.3738,29.9017,0.058386,0.291932,5,19.58333,linear-x,automatic,335.417,SYN-Scanner-Y,254.0,35.80167,3784.55505,cross-hatch,15.644,4.40154,0.788431,929.44411,76.31096,97.21027,4,164.7902,-19.71525,SYN-Confocal-B,SYN-MEAS-0206,2.84278,0.52287,0.1137978,0.02715307,0.1704852,0.0033088,0.0171059,0.0016852,0.0605205,0.0044366,0.0787886,0.0035466,0.1097359,0.0056227,43.01616,3.14639,69.21543,2.2393,73.41882,1.05685,0.0157609,0.0003468,22.19123,36.86553,93516.16763,2075.23886,48.60458,0.8000011,13701.82661,380.07495,8.90181,13.503665,76.01499,1.78036,2.700733,90912105796.53,4,0.966192,0.00688069,0.001386983,0.00503568,0.707115,0.01365299,0.000819179,0.0181786,9.0248913,0.1003364,0.4621436,1.344988
207,SYN-2026-11-G07,Synthetic Stainless Steel 316L,SYN-Laser-B,Artificial record created for public demonstration.,Generated analysis values; not laboratory data.,515,0.7788,0.9159,22.8986,0.196923,1.181538,6,2.36817,linear-y,fixed,839.893,SYN-Scanner-X,160.0,26.76853,4371.10995,cross-hatch,5.28071,3.86666,0.358437,1759.47369,30.3687,81.59421,2,49.65909,-2.71843,SYN-Profilometer-A,SYN-MEAS-0207,1.76738,1.96135,0.5740914,0.12054285,0.0490294,0.0014028,0.0131988,0.0010805,0.0139928,0.0010688,0.0226043,0.0017828,0.0244746,0.0020265,32.47639,2.64211,71.11618,2.5392,67.3789,1.78061,0.0121151,0.0008391,17.83315,28.85574,161008.87146,2871.295,109.76487,0.8333338,4231.77398,90.55897,3.46192,1.820187,15.09316,0.57699,0.303364,243642744293.19,2,1.0,0.00115397,0.005872274,0.14379622,124.609654,0.08777243,0.005266346,0.09391552,3.2655768,0.2692016,0.4610354,1.083672
208,SYN-2026-11-G08,Synthetic Aluminum 6082,SYN-Laser-B,Synthetic scan sequence with controlled variation.,Generated analysis values; not laboratory data.,515,0.8819,0.7629,19.0724,0.641755,3.850527,6,3.44677,elliptical,fixed,338.162,SYN-Scanner-Z,254.0,27.09439,4478.17755,unidirectional,15.8519,5.73401,2.287207,1246.48384,48.99981,61.32289,4,88.68645,10.62986,SYN-Microscope-C,SYN-MEAS-0208,1.25315,1.60638,0.40546051,0.09172182,0.0867845,0.000922,0.020144,0.0016814,0.0306077,0.0016154,0.0393565,0.0034809,0.0450052,0.0034733,68.67743,2.90744,62.80031,1.21181,66.88152,2.65542,0.0182346,0.0004848,16.82019,28.1244,24592.79347,413.65541,16.64648,0.8333355,1298.52697,26.20969,1.05474,3.56399,4.36828,0.17579,0.593998,51001371636.45,4,1.0,0.00070316,0.004496477,0.01236723,17.588075,0.08240271,0.004944163,0.08316175,16.8109031,0.2321151,0.4534973,1.909429
209,SYN-2026-11-G09,Synthetic Aluminum 6082,SYN-Laser-B,Synthetic parameter sweep; no real experiment.,Synthetic measurement result.,515,0.8405,0.4619,11.5482,0.433195,2.599171,6,3.22723,elliptical,fixed,36.79,SYN-Scanner-Z,254.0,37.16163,8424.26679,unidirectional,11.31826,10.57469,2.882719,2451.83362,77.71236,92.73102,6,185.73929,-14.50357,SYN-Microscope-C,SYN-MEAS-0209,1.8856,0.59093,0.05674911,0.0094982,0.1865027,0.0055594,0.0130947,0.0009125,0.0620626,0.0020469,0.073216,0.0062513,0.0967903,0.0026222,47.73197,1.13331,55.83286,2.59033,52.57129,2.55792,0.0113254,0.0006182,9.70616,38.70356,26852.11692,260.63088,5.53827,0.8333347,1923.69343,22.40597,0.47612,6.654551,3.73433,0.07935,1.109092,24588465797.93,6,0.996072,0.00047425,0.000586352,0.00081651,1.714935,0.01884538,0.001130723,0.01097498,22.4022921,0.0702121,0.3925735,1.769301
210,SYN-2026-11-G10,Synthetic Aluminum 6082,SYN-Laser-B,Generated example for database and UI testing.,Artificial profile used for visualization testing.,515,0.7662,0.6113,15.2819,1.041134,3.123401,3,1.17427,linear-y,manual,-569.181,SYN-Scanner-Y,254.0,44.69933,12188.34302,cross-hatch,3.42498,10.43535,3.400943,1257.73948,83.80652,87.5483,5,162.89463,16.33674,SYN-Microscope-C,SYN-MEAS-0210,2.0767,1.53989,0.22126764,0.0530047,0.1615167,0.0025028,0.0151246,0.0008075,0.0485691,0.0022402,0.0639366,0.0033117,0.0843657,0.0068209,40.4921,2.46336,37.87439,0.93738,33.49812,2.21394,0.0133833,0.0009386,11.70862,44.93669,26426.01728,309.41221,4.87737,0.6666679,640.32881,11.24603,0.17727,3.266577,3.74868,0.05909,1.088859,50321996027.65,5,1.0,0.00029546,0.001620578,0.00906847,30.692923,0.22075251,0.01324515,0.15508244,34.2025478,0.0936409,0.3958511,1.741312
211,SYN-2026-11-G11,Synthetic Stainless Steel 316L,SYN-Laser-A,Artificial record created for public demonstration.,Synthetic quality check completed.,1030,0.6836,0.5161,25.8036,1.025713,4.102853,4,2.87693,circular,fixed,-199.551,SYN-Scanner-Z,100.0,26.14176,2084.40649,cross-hatch,12.14801,4.51186,1.406022,893.58639,20.82624,60.12593,4,27.47237,2.31734,SYN-Microscope-C,SYN-MEAS-0211,1.36611,1.00792,0.68063742,0.05799502,0.0277139,0.000587,0.0179677,0.0014005,0.0056012,0.0003163,0.0090258,0.0005486,0.0101472,0.0008078,48.83365,2.73121,52.15984,2.18661,56.80819,2.24567,0.0161223,0.0014143,17.63932,28.44272,40458.43593,713.65912,28.0801,0.750003,731.20138,17.19712,0.67665,1.370775,4.29928,0.16916,0.342694,58799600714.45,4,1.0,0.00067665,0.008846977,0.04035283,59.636271,0.06698772,0.004019263,0.07089705,4.3923215,0.6483267,0.3256764,1.845388
212,SYN-2026-11-G12,Synthetic Aluminum 6082,SYN-Laser-B,Artificial record created for public demonstration.,Synthetic quality check completed.,515,0.8747,0.6414,16.0346,0.218339,1.52837,7,0.87888,elliptical,automatic,-425.659,SYN-Scanner-Y,254.0,51.39629,16114.10626,unidirectional,13.28902,11.70517,2.621058,857.09048,52.74723,162.71422,4,90.91502,10.18208,SYN-Microscope-C,SYN-MEAS-0212,3.41311,2.38456,1.259639,0.17860235,0.0900278,0.0017844,0.0168109,0.0016948,0.0219592,0.0007687,0.0351088,0.0020527,0.049681,0.0013289,44.99138,1.77393,45.78353,2.55193,44.88862,1.12988,0.0148069,0.000931,14.02532,51.46894,39273.41193,550.82205,6.61867,0.857143,3925.75209,64.23656,0.77187,12.004558,9.17665,0.11027,1.714937,125462506980.21,4,1.0,0.00044107,0.017315289,0.02782908,63.094999,0.2743231,0.016459386,0.23084811,20.7380324,0.1867301,0.3899777,2.004007
213,SYN-2026-11-G13,Synthetic Silicon,SYN-Laser-A,Generated example for database and UI testing.,Artificial profile used for visualization testing.,1030,0.8965,0.6302,31.5089,1.069851,4.279403,4,3.57369,circular,fixed,-385.917,SYN-Scanner-Y,254.0,37.3223,4248.63608,cross-hatch,8.36192,10.78817,2.783137,-2069.47573,28.20284,65.28886,8,35.35063,-1.46286,SYN-Microscope-C,SYN-MEAS-0213,2.50425,2.262,3.20393004,0.29062265,0.0346856,0.0004504,0.0249737,0.0007829,0.0127648,0.0005692,0.0160397,0.0004883,0.0201495,0.0014215,69.1377,2.9434,64.05965,0.80452,63.25124,0.72504,0.0223584,0.0006572,28.24906,41.51439,29832.80047,842.7486,15.56506,0.7500038,701.03593,26.40467,0.48768,2.601426,6.60117,0.12192,0.650356,34115881455.42,8,1.0,0.00097536,0.056475415,0.07825564,80.232811,0.21743981,0.013046389,0.36854823,5.8869276,0.72,0.4624314,2.615258
214,SYN-2026-11-G14,Synthetic Copper C110,SYN-Laser-A,Artificial record created for public demonstration.,Generated analysis values; not laboratory data.,1030,0.6642,0.8757,43.7835,0.097783,0.5867,6,5.09111,elliptical,manual,231.952,SYN-Scanner-Z,100.0,21.7931,1448.60738,unidirectional,16.9603,7.64297,3.162966,258.69915,44.5992,48.69637,6,57.27283,4.81861,SYN-Microscope-C,SYN-MEAS-0214,2.82041,1.06201,1.17615841,0.11541024,0.0558356,0.000809,0.0248961,0.0007305,0.0164124,0.0004684,0.0192493,0.001096,0.02654,0.0009262,71.2266,0.57139,53.54434,2.99835,54.96023,0.52544,0.0237215,0.0017117,29.08049,22.13789,13998.18505,407.07401,26.43936,0.8333338,8522.24518,297.39705,19.31587,32.346666,49.56618,3.21931,5.391111,632340429791.52,6,0.992748,0.0191758,0.021582013,0.02774884,1.436582,0.1346061,0.008076366,0.23486464,14.106576,0.4458829,0.3447503,1.174626
215,SYN-2026-11-G15,Synthetic Stainless Steel 316L,SYN-Laser-C,Generated example for database and UI testing.,Artificial profile used for visualization testing.,1064,0.7016,0.4196,33.5698,0.339492,2.376441,7,16.50862,linear-x,manual,-404.191,SYN-Scanner-Z,100.0,21.06814,1310.57164,bidirectional,12.70795,5.65719,1.711197,-331.86624,28.67802,51.88394,5,45.40135,-4.08563,SYN-Microscope-C,SYN-MEAS-0215,1.44036,2.53172,1.05515636,0.16074774,0.0467884,0.0009118,0.0225032,0.0010135,0.0109846,0.000617,0.0133922,0.0009004,0.0178729,0.0012932,56.72666,1.11454,64.25054,2.90315,63.786,2.92876,0.0166911,0.0011418,23.5518,21.73311,25401.06192,598.24069,40.31645,0.8571485,2524.8007,69.37374,4.67521,5.04047,9.91053,0.66789,0.720067,40456910393.67,5,1.0,0.00333944,0.016731177,0.0465458,13.938214,0.09698523,0.005819114,0.13705059,5.8888481,0.4809558,0.2862296,5.812049
216,SYN-2026-11-G16,Synthetic Copper C110,SYN-Laser-A,Artificial record created for public demonstration.,Synthetic quality check completed.,1030,0.8236,0.362,18.1005,0.929089,2.787268,3,4.85395,linear-y,fixed,-466.396,SYN-Scanner-Y,254.0,36.54745,4074.05395,bidirectional,17.32578,11.30298,2.003021,563.97572,61.16588,90.81529,5,61.31428,-1.65423,SYN-Microscope-C,SYN-MEAS-0216,2.61549,0.60753,0.25449514,0.0412211,0.0598266,0.0018513,0.0160033,0.0008738,0.0149945,0.0012354,0.0172072,0.0007235,0.0182293,0.0011138,52.52076,1.18816,64.73235,1.1629,64.37565,2.37055,0.0139711,0.0008881,14.9067,36.89597,36840.32696,549.16769,12.84095,0.6666712,717.55345,16.04442,0.37516,2.155897,5.34814,0.12505,0.718632,25763191381.57,5,1.0,0.00062527,0.001983829,0.00202604,3.240284,0.01665181,0.000999108,0.01489341,14.7019825,0.267495,0.2876176,2.032197
217,SYN-2026-11-G17,Synthetic Stainless Steel 316L,SYN-Laser-B,Generated example for database and UI testing.,Synthetic measurement result.,515,0.7517,0.4947,12.3664,1.93842,1.93842,1,2.47863,linear-y,automatic,-511.792,SYN-Scanner-X,160.0,18.31936,2047.21509,cross-hatch,4.12752,6.80468,3.301343,960.4716,14.65679,46.58197,3,41.04037,-1.47514,SYN-Confocal-B,SYN-MEAS-0217,1.38809,1.37237,0.53373881,0.10889996,0.0402642,0.0012053,0.0137954,0.0008213,0.0107022,0.0009484,0.0136606,0.0010066,0.0151035,0.000576,46.46806,0.74796,38.60193,2.68535,34.2715,3.11206,0.01309,0.0004628,9.29535,20.23532,12258.84172,113.95018,8.85819,4.8e-06,0.00248,4.79532,0.37278,1.703111,4.79532,0.37278,1.703111,150395751228.21,3,1.0,0.00111833,0.004145462,0.04919885,43.993251,0.25610553,0.015366332,0.14283537,9.6774185,0.3426211,0.339274,0.705341
218,SYN-2026-11-G18,Synthetic Stainless Steel 316L,SYN-Laser-A,Synthetic parameter sweep; no real experiment.,Generated analysis values; not laboratory data.,1030,0.7643,0.5149,25.7462,0.826576,2.479727,3,2.82989,circular,manual,369.532,SYN-Scanner-Y,254.0,43.435,5754.29736,unidirectional,6.40616,7.33112,0.440047,1211.55921,42.63129,108.14756,2,95.44787,-12.6161,SYN-Confocal-B,SYN-MEAS-0218,2.79093,1.29647,0.57465535,0.11952036,0.0978705,0.0030712,0.0175491,0.0017595,0.0250215,0.0012343,0.0425293,0.0035437,0.0600635,0.0039369,51.68827,1.35244,55.05184,1.65718,56.70787,3.49368,0.0132814,0.0009843,19.6777,44.38731,201739.18333,3969.76383,64.13529,0.666669,806.54329,23.8063,0.38461,0.532373,7.93543,0.1282,0.177458,45303659955.38,2,1.0,0.00025641,0.007791392,0.08295012,323.507255,0.07908055,0.004744833,0.09336742,5.6279257,0.1793098,0.4345468,4.26779
219,SYN-2026-11-G19,Synthetic Titanium Grade 2,SYN-Laser-C,Generated example for database and UI testing.,Artificial profile used for visualization testing.,1064,0.6946,0.7564,60.5099,0.420597,1.682388,4,18.30596,circular,fixed,712.515,SYN-Scanner-Y,160.0,42.93362,5442.55935,bidirectional,14.17091,8.996,2.716002,1345.49934,43.89442,137.30499,5,41.7478,3.83377,SYN-Profilometer-A,SYN-MEAS-0219,3.47521,0.92055,2.17765776,0.41187633,0.0428153,0.0004647,0.030827,0.0029809,0.0167244,0.0007962,0.0198001,0.0009667,0.0256692,0.0009722,38.36902,1.77896,50.64772,1.23796,51.05295,0.95614,0.0276523,0.0007817,42.0322,44.22614,32567.09458,1368.86677,22.27682,0.7500077,1783.19829,99.93465,1.62633,6.457493,24.98366,0.40658,1.614373,22210364198.8,5,1.0,0.00203291,0.034106077,0.05350749,26.320643,0.15176504,0.009105902,0.38274115,14.3060768,0.72,0.4624542,3.17477
220,SYN-2026-11-G20,Synthetic Stainless Steel 316L,SYN-Laser-C,Synthetic scan sequence with controlled variation.,Artificial profile used for visualization testing.,1064,0.6649,0.7892,63.1378,0.615836,1.231672,2,8.79641,elliptical,automatic,196.12,SYN-Scanner-Y,160.0,23.95808,1694.77629,bidirectional,8.74356,11.59752,3.003835,-255.03366,40.42584,75.66893,2,63.99405,3.47499,SYN-Confocal-B,SYN-MEAS-0220,1.76165,2.52688,1.12744117,0.23311206,0.0629008,0.0019684,0.0276707,0.0008575,0.0139307,0.0011138,0.0224131,0.0014631,0.0273012,0.001664,71.29319,0.57604,54.18883,0.62629,56.34301,2.34234,0.0241684,0.0006734,41.98195,24.22783,16131.26583,677.22206,36.72419,0.5000054,811.91306,68.17065,3.69674,4.877653,34.08533,1.84837,2.438826,210127640221.44,2,1.0,0.00369674,0.021445819,0.10574484,28.604909,0.30586626,0.018351975,0.77045178,36.4297589,0.4399099,0.3563242,3.502262
221,SYN-2026-12-G01,Synthetic Stainless Steel 316L,SYN-Laser-B,Synthetic parameter sweep; no real experiment.,Artificial profile used for visualization testing.,515,0.7861,0.7459,18.6466,0.80542,3.221679,4,0.6947,linear-x,manual,381.719,SYN-Scanner-Y,160.0,34.71682,7352.28828,bidirectional,6.26829,10.08265,2.381951,-111.68505,34.19432,71.04842,3,32.57448,-0.45649,SYN-Microscope-C,SYN-MEAS-0221,2.87709,1.44064,1.19245206,0.21433342,0.0336846,0.0007835,0.0120063,0.0006275,0.0061501,0.0003109,0.0099147,0.0003953,0.0126563,0.0003291,64.92893,1.64839,49.64775,2.06577,44.43081,1.67821,0.0087609,0.0006904,14.65754,34.72083,29153.2696,427.31534,11.28284,0.7500006,931.19212,18.19864,0.48052,2.957403,4.54966,0.12013,0.739351,172921685704.54,3,1.0,0.00036039,0.007541286,0.03977408,110.364639,0.22101698,0.013261019,0.19437397,16.2898348,0.3564316,0.2943394,3.245403
222,SYN-2026-12-G02,Synthetic Aluminum 6082,SYN-Laser-B,Artificial record created for public demonstration.,Synthetic quality check completed.,515,0.7873,0.3683,9.2081,0.051912,0.415299,8,0.45677,linear-y,fixed,440.334,SYN-Scanner-Y,254.0,52.16899,16602.27081,cross-hatch,14.95552,8.04209,1.29854,-3132.73789,80.49035,157.51318,7,174.05392,-24.99768,SYN-Profilometer-A,SYN-MEAS-0222,3.40693,0.68243,0.12861169,0.01572876,0.1763558,0.0031445,0.0149908,0.0010255,0.0520326,0.0039577,0.0698659,0.0031549,0.0981608,0.0055237,65.43773,2.21331,77.89047,0.79503,77.91712,2.89641,0.0117655,0.0005252,7.24987,53.08961,81768.15118,592.80853,6.69492,0.875,16855.32947,139.65595,1.57721,25.01408,17.45699,0.19715,3.12676,431620189528.13,7,1.0,0.00138006,0.00111817,0.00132813,0.962367,0.01914733,0.00114884,0.00832894,8.9588524,0.0850031,0.3961646,3.225241
223,SYN-2026-12-G03,Synthetic Silicon,SYN-Laser-B,Generated example for database and UI testing.,Synthetic quality check completed.,515,0.7987,0.6323,15.808,0.496865,3.974924,8,3.25449,circular,automatic,626.5,SYN-Scanner-X,160.0,14.40175,1265.23997,unidirectional,12.10492,9.19487,3.063097,-339.17978,10.30141,43.40669,2,52.11693,4.82141,SYN-Profilometer-A,SYN-MEAS-0223,1.18543,0.6967,0.14791362,0.01376657,0.0541061,0.0017785,0.010712,0.0008278,0.0164122,0.0005949,0.0192195,0.0012876,0.0212776,0.0005633,43.99313,3.07475,71.68201,2.61896,70.16193,0.72761,0.0102539,0.0006598,12.62619,14.91025,9735.41077,122.92119,17.59976,0.8750016,1761.04334,25.4117,3.63843,6.164842,3.17646,0.4548,0.770605,139746394176.46,2,1.0,0.00090961,0.000747631,0.00335854,3.692294,0.00839334,0.000503601,0.00635856,9.4662682,0.1979813,0.3552188,0.458053
224,SYN-2026-12-G04,Synthetic Copper C110,SYN-Laser-C,Artificial record created for public demonstration.,Artificial profile used for visualization testing.,1064,0.7859,0.9795,78.3607,0.443047,3.544375,8,15.47004,linear-y,fixed,153.884,SYN-Scanner-X,100.0,12.28288,445.46028,unidirectional,4.15251,6.85929,3.53583,220.5299,19.66422,39.37606,8,44.9258,3.54259,SYN-Profilometer-A,SYN-MEAS-0224,0.85947,2.1473,1.22632025,0.28141137,0.0445093,0.0011732,0.0320467,0.0028648,0.0067965,0.0002716,0.0117092,0.0006319,0.0130354,0.0007677,62.81358,0.85697,35.64029,2.74727,30.57434,1.92579,0.0279585,0.0024467,61.58062,13.70566,7752.44244,477.40018,80.89709,0.8750069,1974.97594,138.99347,23.55292,7.980713,17.37418,2.94411,0.997589,190310742254.14,8,1.0,0.02355292,0.019164762,0.08410521,3.570904,0.09496134,0.005697681,0.35086668,5.2146992,0.72,0.2630739,4.088186
225,SYN-2026-12-G05,Synthetic Silicon,SYN-Laser-A,Generated example for database and UI testing.,Synthetic measurement result.,1030,0.7421,0.6606,33.0295,0.548384,3.838685,7,2.39821,linear-x,manual,575.137,SYN-Scanner-Y,254.0,23.78231,1725.1253,unidirectional,8.94831,7.83508,1.497099,273.56088,37.4604,38.60071,5,70.03865,-2.78374,SYN-Microscope-C,SYN-MEAS-0225,3.13673,0.50995,0.49590766,0.09880669,0.0687924,0.0009916,0.0259202,0.000782,0.0195509,0.0014346,0.0302773,0.0022707,0.0419893,0.0012431,36.74659,2.58567,52.18442,3.1293,52.73389,1.61466,0.022289,0.0010733,24.51089,24.07946,32168.17125,788.47045,43.28544,0.8571442,1563.03775,44.69662,2.45375,2.730021,6.38523,0.35054,0.390003,146165891966.11,5,1.0,0.00175268,0.008755633,0.02497657,14.25049,0.05714742,0.003428845,0.08404404,6.7298295,0.3767885,0.4401249,3.631209
226,SYN-2026-12-G06,Synthetic Aluminum 6082,SYN-Laser-C,Generated example for database and UI testing.,Synthetic quality check completed.,1064,0.8437,0.7654,61.2327,0.343875,2.407124,7,15.26616,linear-x,fixed,550.315,SYN-Scanner-Z,254.0,27.76433,2276.05486,cross-hatch,6.52004,10.96472,1.9712,-1112.34412,23.5513,55.3363,8,26.76471,1.41998,SYN-Confocal-B,SYN-MEAS-0226,2.62065,0.60435,0.92139432,0.21573458,0.0272289,0.0006383,0.0196048,0.0014887,0.0058156,0.0002739,0.0095257,0.0004985,0.0104508,0.0007668,64.97415,1.46187,72.08307,0.70693,75.58563,0.78508,0.01625,0.000552,51.66497,30.90263,31354.12982,1619.91006,53.99458,0.8571481,2492.61588,150.24348,5.00789,5.732316,21.46335,0.71541,0.818902,46862684801.84,8,1.0,0.0057233,0.008402988,0.01469251,2.567137,0.01320217,0.00079213,0.04092537,3.4818237,0.72,0.3498393,3.354816
227,SYN-2026-12-G07,Synthetic Aluminum 6082,SYN-Laser-A,Synthetic parameter sweep; no real experiment.,Artificial profile used for visualization testing.,1030,0.7689,0.6575,32.8727,0.073846,0.295383,4,1.94905,elliptical,automatic,-722.292,SYN-Scanner-Z,254.0,45.79569,6396.78725,bidirectional,9.94793,4.05641,3.185691,486.22988,34.89833,70.01659,6,68.55724,-8.15748,SYN-Microscope-C,SYN-MEAS-0227,3.68909,1.52587,1.36155448,0.17292138,0.0686093,0.0021275,0.0208942,0.0018072,0.0219027,0.0017853,0.0317512,0.0026467,0.0387402,0.0032887,66.8807,3.15891,76.81704,1.00936,75.37636,2.6767,0.0158205,0.0009539,25.27713,45.9278,28833.80433,728.83584,10.99838,0.7500001,10156.30362,342.29622,5.16536,43.139789,85.57406,1.29134,10.784947,662547827039.28,6,1.0,0.00774805,0.015408502,0.06364067,8.21377,0.27990797,0.016794478,0.42451622,11.1175304,0.3045394,0.4627826,5.073769
228,SYN-2026-12-G08,Synthetic Copper C110,SYN-Laser-C,Synthetic parameter sweep; no real experiment.,Artificial profile used for visualization testing.,1064,0.7009,0.4445,35.5625,2.100835,4.20167,2,8.03502,linear-x,automatic,-448.173,SYN-Scanner-Z,254.0,20.3482,1222.53238,bidirectional,4.99692,3.19407,3.764245,-0.11259,11.69326,42.8971,4,52.51994,4.62029,SYN-Confocal-B,SYN-MEAS-0228,0.67324,0.70056,0.13177862,0.00933083,0.0521276,0.0008528,0.0210838,0.0014801,0.0129719,0.0010073,0.0228789,0.0014026,0.0313096,0.0017279,41.15319,2.10734,73.4021,0.7252,78.63484,3.38825,0.0168751,0.0012585,24.92408,20.3482,10811.30583,269.46187,20.7155,0.5000169,238.00863,11.86389,0.91206,1.791785,5.93195,0.45603,0.895893,56755554749.38,4,1.0,0.00182413,0.001387766,0.02173748,11.916646,0.03838872,0.002303323,0.05740822,6.6024459,0.4044654,0.4389018,4.208676
229,SYN-2026-12-G09,Synthetic Titanium Grade 2,SYN-Laser-C,Synthetic scan sequence with controlled variation.,Synthetic quality check completed.,1064,0.7655,0.9328,74.6217,0.388293,1.941465,5,5.22748,linear-y,fixed,833.435,SYN-Scanner-Z,254.0,19.74053,1150.6036,unidirectional,13.20148,6.85037,1.895365,229.39941,14.42997,47.78638,4,34.98208,-1.04159,SYN-Profilometer-A,SYN-MEAS-0229,3.6869,2.31334,5.09967862,0.88057151,0.0341206,0.0008367,0.0245668,0.0013229,0.0071277,0.000225,0.0126843,0.0004625,0.0176857,0.0011125,48.21078,0.90318,57.72333,1.27945,55.34638,1.97305,0.0230233,0.0004941,57.12616,20.12904,21240.28459,1213.37583,95.32333,0.800002,2060.30478,147.12124,11.55791,4.881274,29.42425,2.31158,0.976255,442198275372.29,4,1.0,0.00924633,0.059578068,0.16469861,17.812328,0.0788521,0.004731126,0.27027106,4.1025098,0.72,0.3717479,1.543511
230,SYN-2026-12-G10,Synthetic Nickel Alloy 625,SYN-Laser-B,Artificial record created for public demonstration.,Artificial profile used for visualization testing.,515,0.8219,0.3916,9.7907,0.214947,1.289685,6,1.45315,elliptical,automatic,-385.5,SYN-Scanner-X,160.0,17.84587,1942.75552,unidirectional,4.12203,11.75059,0.454482,123.5699,15.34632,53.59219,3,38.83502,-0.76027,SYN-Microscope-C,SYN-MEAS-0230,3.4117,1.56954,1.00191303,0.22817079,0.0402693,0.0008954,0.0089857,0.0002465,0.010575,0.000604,0.0135937,0.0004397,0.0147777,0.0008087,63.13582,1.15561,59.19364,0.57589,57.22681,1.23937,0.0084765,0.0006799,8.04663,17.88193,78691.4742,633.20101,63.03224,0.8333336,3876.9183,37.43533,3.72651,2.114387,6.23922,0.62109,0.352398,427405629134.6,3,1.0,0.00186326,0.00446784,0.03074722,16.501868,0.02665098,0.001599059,0.01286703,1.3949258,0.2231399,0.3375705,0.509223
231,SYN-2026-12-G11,Synthetic Copper C110,SYN-Laser-A,Synthetic scan sequence with controlled variation.,Artificial profile used for visualization testing.,1030,0.6864,0.644,32.2009,3.862556,3.862556,1,4.59371,linear-y,automatic,602.061,SYN-Scanner-X,160.0,27.36608,2284.21894,cross-hatch,12.84111,3.48617,0.309071,-719.03397,35.02032,80.58288,8,46.07285,0.23032,SYN-Confocal-B,SYN-MEAS-0231,2.83221,1.83272,2.24563857,0.2904409,0.0463347,0.0005134,0.0241928,0.0008168,0.0072208,0.000304,0.0122788,0.0005791,0.0147856,0.000674,50.72146,1.17671,67.17389,3.2656,65.27459,1.66446,0.0177835,0.0004269,22.10377,28.68989,185652.37685,4103.61652,158.6935,1.77e-05,0.00459,5.72258,0.2213,0.080017,5.72258,0.2213,0.080017,48174822340.67,8,1.0,0.00177041,0.034030421,0.09502238,53.67253,0.04653054,0.002791833,0.06171001,0.8117825,0.5221314,0.2650027,6.409322
232,SYN-2026-12-G12,Synthetic Stainless Steel 316L,SYN-Laser-B,Synthetic parameter sweep; no real experiment.,Artificial profile used for visualization testing.,515,0.6996,0.8424,21.0612,0.75472,3.7736,5,2.75215,linear-x,automatic,408.983,SYN-Scanner-X,160.0,21.9035,2926.64119,unidirectional,13.88518,5.40662,1.583269,-636.60419,13.07225,57.81069,2,52.33209,-2.17349,SYN-Microscope-C,SYN-MEAS-0232,1.33039,2.39857,0.63795373,0.08314114,0.0513898,0.0014008,0.0130716,0.0005165,0.0129614,0.0008317,0.0158236,0.0007545,0.0219232,0.0007305,35.05818,3.11104,54.91971,2.08983,51.69796,0.94092,0.0124673,0.0006954,14.73543,22.41569,28315.71222,417.24429,26.43238,0.8000021,1059.99862,19.52437,1.23687,2.097823,3.90487,0.24737,0.419565,89883767245.7,2,1.0,0.00049475,0.005763362,0.03838559,77.586322,0.05391508,0.003234905,0.04766772,6.2090652,0.2543625,0.3079135,0.604344
233,SYN-2026-12-G13,Synthetic Stainless Steel 316L,SYN-Laser-C,Synthetic parameter sweep; no real experiment.,Artificial profile used for visualization testing.,1064,0.8058,0.3409,27.2703,0.559774,2.239097,4,15.8683,linear-x,fixed,-260.311,SYN-Scanner-X,160.0,16.26375,780.99716,bidirectional,3.07371,7.21286,1.043542,104.91287,29.07301,30.59755,6,35.57403,2.36992,SYN-Profilometer-A,SYN-MEAS-0233,2.55431,2.16597,2.87775875,0.65323492,0.0348163,0.0007022,0.0208449,0.0021057,0.0072269,0.0005494,0.0099071,0.00086,0.0124882,0.0010417,30.37084,2.95077,73.7887,1.28197,71.65211,3.08465,0.0153528,0.0008083,21.97442,16.40983,31450.26577,691.10119,81.69276,0.7500089,1339.84174,39.25585,4.6403,1.864219,9.81396,1.16008,0.466055,73106490875.52,6,1.0,0.00696045,0.028868265,0.21701946,31.178922,0.29962712,0.017977627,0.39504785,3.0338895,0.5987095,0.2845533,5.492097
234,SYN-2026-12-G14,Synthetic Stainless Steel 316L,SYN-Laser-C,Generated example for database and UI testing.,Generated analysis values; not laboratory data.,1064,0.877,0.3792,30.3397,0.361271,2.890166,8,10.71065,circular,automatic,-756.846,SYN-Scanner-Y,254.0,53.903,8578.94924,unidirectional,13.13556,6.16672,2.380249,1125.37039,104.06894,105.25712,3,99.75126,1.13564,SYN-Profilometer-A,SYN-MEAS-0234,1.82123,0.83081,0.32204272,0.02969387,0.0997316,0.0032695,0.024169,0.0011639,0.0265395,0.0008463,0.0375418,0.0028937,0.043498,0.003366,51.88474,3.03469,60.1235,2.40181,55.2736,1.11131,0.0179854,0.0009219,26.60806,54.36479,45679.92369,1215.45409,13.09041,0.8750039,2422.01687,73.65129,0.79322,6.588546,9.20641,0.09915,0.823568,9257405257.64,3,1.0,0.00029746,0.00382131,0.01572491,52.86423,0.14639239,0.008783543,0.23371303,49.5419938,0.2423404,0.3764285,6.183568
235,SYN-2026-12-G15,Synthetic Silicon,SYN-Laser-B,Artificial record created for public demonstration.,Synthetic quality check completed.,515,0.8051,0.2266,5.6656,0.47285,3.782797,8,1.13103,elliptical,automatic,479.807,SYN-Scanner-Z,100.0,21.17773,2735.90658,unidirectional,9.04452,7.93413,3.193997,-350.62519,26.49008,66.78869,8,38.20167,3.52077,SYN-Profilometer-A,SYN-MEAS-0235,0.74525,2.64203,0.66485498,0.14113213,0.0383022,0.0011202,0.0171978,0.000898,0.0105281,0.0006559,0.0152975,0.0009843,0.0209341,0.0016909,68.80388,0.77485,67.77942,1.02952,65.98345,1.28433,0.0130425,0.0010447,4.56158,21.35093,13369.41339,60.98564,4.25838,0.8750005,1850.48374,9.647,0.67361,6.754783,1.20587,0.0842,0.844348,74446543352.27,8,1.0,0.00067361,0.008072878,0.01406222,20.875896,0.26082923,0.015649754,0.07138759,6.3456908,0.4490017,0.3993884,4.155239
236,SYN-2026-12-G16,Synthetic Aluminum 6082,SYN-Laser-C,Synthetic scan sequence with controlled variation.,Generated analysis values; not laboratory data.,1064,0.7022,0.8933,71.4656,0.669102,4.01461,6,10.93912,elliptical,automatic,-607.5,SYN-Scanner-Y,160.0,23.03401,1566.56115,bidirectional,16.13162,3.67842,1.360436,706.09801,27.18228,30.13538,4,45.37267,6.41406,SYN-Profilometer-A,SYN-MEAS-0236,3.82188,2.26845,4.50074905,0.41847428,0.0445497,0.0008489,0.0320758,0.0011649,0.0095933,0.0007246,0.012293,0.0008966,0.01661,0.0011982,62.11464,2.00418,65.56437,3.0783,67.09049,1.38024,0.0289893,0.0022211,50.18222,25.26568,37143.50088,1863.94323,92.94388,0.8333407,1245.46181,74.99938,3.73978,2.033228,12.4999,0.6233,0.338871,56978649069.4,4,1.0,0.00249319,0.086143559,0.36293071,145.569087,0.26744715,0.016046829,0.80526546,5.5469642,0.72,0.275939,3.086479
237,SYN-2026-12-G17,Synthetic Titanium Grade 2,SYN-Laser-A,Generated example for database and UI testing.,Synthetic quality check completed.,1030,0.665,0.9319,46.5968,0.544341,4.354729,8,7.14995,elliptical,fixed,724.146,SYN-Scanner-Y,254.0,33.42299,3407.24354,unidirectional,17.25549,8.40372,3.535629,-1815.57205,68.15588,74.06541,7,68.34516,5.87267,SYN-Profilometer-A,SYN-MEAS-0237,2.06685,0.62134,0.41828864,0.09592075,0.0658286,0.0018447,0.0315633,0.0027702,0.019478,0.0007017,0.0230445,0.0007644,0.028756,0.0011077,65.91555,2.54762,46.06471,2.00852,48.24305,2.04368,0.027933,0.0014974,30.98685,37.87189,21423.00194,663.8314,14.73242,0.8750039,1607.45517,56.92543,1.26335,6.495245,7.11568,0.15792,0.811906,22086645195.44,7,1.0,0.00110543,0.008953678,0.00882073,7.979467,0.06859572,0.004115743,0.12753392,20.6549046,0.4794771,0.3500682,3.630275
238,SYN-2026-12-G18,Synthetic Nickel Alloy 625,SYN-Laser-C,Synthetic scan sequence with controlled variation.,Artificial profile used for visualization testing.,1064,0.6704,0.9339,74.7144,0.717601,4.305605,6,11.98331,elliptical,fixed,703.991,SYN-Scanner-Z,254.0,21.30192,1339.81826,unidirectional,8.00299,4.98237,1.773677,124.77718,32.89193,44.66237,3,70.13657,12.53473,SYN-Confocal-B,SYN-MEAS-0238,3.9474,2.32434,2.80248744,0.09965993,0.0725099,0.0017612,0.0316135,0.002919,0.0156501,0.0004714,0.0252915,0.0011182,0.0298729,0.0025661,52.19634,2.37263,38.27747,3.00692,43.31671,1.05754,0.0276593,0.0019628,50.087,21.3941,24124.01158,1208.29926,84.03042,0.8333419,1161.28886,69.79784,4.85405,2.471676,11.63297,0.80901,0.411946,67511240395.62,3,1.0,0.00242702,0.040864537,0.34161486,140.754648,0.39790154,0.023874092,1.19578155,11.6679306,0.4359888,0.3488011,3.954204
239,SYN-2026-12-G19,Synthetic Stainless Steel 316L,SYN-Laser-B,Synthetic parameter sweep; no real experiment.,Artificial profile used for visualization testing.,515,0.9069,0.7188,17.9705,0.106311,0.637869,6,0.8397,linear-x,manual,-324.985,SYN-Scanner-Y,254.0,45.57592,12671.07742,bidirectional,13.34859,11.21458,1.105899,-5880.14487,94.90713,111.11372,8,168.72237,15.10361,SYN-Confocal-B,SYN-MEAS-0239,1.60898,2.16872,0.32497358,0.02745065,0.1728006,0.0040764,0.0192992,0.0011645,0.0469903,0.0036948,0.0677334,0.0043878,0.0746017,0.0066136,64.55752,0.87158,67.88643,3.39351,67.55813,2.61458,0.0155859,0.0011525,16.29684,50.24426,90865.90862,1480.8274,18.6716,0.8333334,7838.60274,153.29335,1.93286,10.402444,25.54889,0.32214,1.733741,383642997410.48,8,1.0,0.00257715,0.004505362,0.00376202,1.459763,0.02422884,0.00145373,0.02369121,7.8718288,0.1116847,0.3919744,3.713294
240,SYN-2026-12-G20,Synthetic Stainless Steel 316L,SYN-Laser-B,Artificial record created for public demonstration.,Artificial profile used for visualization testing.,515,0.7637,0.5309,13.2714,0.279116,1.674694,6,1.25539,linear-y,automatic,-395.219,SYN-Scanner-Z,254.0,38.73451,9152.47791,cross-hatch,13.87503,4.42097,0.660576,3815.90074,57.93084,114.79461,5,114.91338,-6.28627,SYN-Profilometer-A,SYN-MEAS-0240,3.38573,2.81092,0.75285872,0.06943392,0.1171668,0.0015144,0.0136432,0.0010089,0.0239366,0.0014434,0.0307391,0.0022348,0.0425056,0.0036615,54.67354,2.32726,35.80726,3.38854,32.2441,3.19603,0.0103798,0.0006779,10.13543,41.96624,127059.4946,1287.80267,23.27552,0.8333337,2985.62153,36.31266,0.65631,2.366676,6.05211,0.10938,0.394446,87132240262.94,5,1.0,0.00054692,0.00731287,0.0238433,43.595295,0.09002373,0.005401424,0.05474576,4.5921282,0.1164423,0.2623531,3.263402
